"date","county","county.1","date.1","alive.total","alive.suspect","alive.probable","dead.total","cum.total","cum.suspect","cum.probable","cum.confirm","cum.death","new.hcw.cases","new.hcw.deaths","cum.hcw.cases","cum.hcw.deaths","new.contacts","under.followup","seen.on.day","completed.21d.followup","lost.followup","alive.confirm","dead.suspect","dead.probable","dead.community","dead.patients"
2014-11-06,"Bomi","Bomi",2014-11-06,4,4,0,0,199,67,42,90,97,0,0,11,9,0,151,77,0,2,NA,NA,NA,NA,NA
2014-11-06,"Bong","Bong",2014-11-06,14,13,1,2,267,147,32,88,79,0,0,23,12,13,117,0,0,0,NA,NA,NA,NA,NA
2014-11-06,"Gbarpolu","Gbarpolu",2014-11-06,0,0,0,0,15,7,2,6,5,0,0,0,0,0,47,0,0,1,NA,NA,NA,NA,NA
2014-11-06,"Grand Bassa","Grand Bassa",2014-11-06,6,1,5,0,136,44,72,20,53,0,0,6,2,0,46,0,0,0,NA,NA,NA,NA,NA
2014-11-06,"Grand Cape Mount","Grand Cape Mount",2014-11-06,2,2,0,1,76,28,21,27,43,0,0,5,2,66,277,277,0,0,NA,NA,NA,NA,NA
2014-11-06,"Grand Gedeh","Grand Gedeh",2014-11-06,0,0,0,0,11,7,2,2,4,0,0,1,0,0,0,0,0,0,NA,NA,NA,NA,NA
2014-11-06,"Grand Kru","Grand Kru",2014-11-06,0,0,0,0,32,15,13,4,23,0,0,0,0,0,0,0,0,0,NA,NA,NA,NA,NA
2014-11-06,"Lofa","Lofa",2014-11-06,2,2,0,3,642,169,151,322,365,0,0,22,16,34,113,113,0,0,NA,NA,NA,NA,NA
2014-11-06,"Margibi","Margibi",2014-11-06,2,0,2,0,1190,384,485,321,527,0,0,69,37,5,1826,1826,0,0,NA,NA,NA,NA,NA
2014-11-06,"Maryland","Maryland",2014-11-06,0,0,0,0,18,12,2,4,14,0,0,1,0,0,11,0,0,0,NA,NA,NA,NA,NA
2014-11-06,"Montserrado","Montserrado",2014-11-06,11,5,6,11,3742,1539,691,1512,1502,0,0,167,78,90,3973,3935,478,0,NA,NA,NA,NA,NA
2014-11-06,"National","National",2014-11-06,48,30,18,24,6728,2526,1666,2536,2801,0,0,320,158,209,6811,6257,478,4,NA,NA,NA,NA,NA
2014-11-06,"Nimba","Nimba",2014-11-06,0,0,0,0,324,80,135,109,48,0,0,12,2,0,173,0,0,0,NA,NA,NA,NA,NA
2014-11-06,"River Cess","River Cess",2014-11-06,7,3,4,7,27,10,10,7,22,0,0,0,0,1,29,29,0,1,NA,NA,NA,NA,NA
2014-11-06,"River Gee","River Gee",2014-11-06,0,0,0,0,18,7,4,7,8,0,0,2,0,0,0,0,0,0,NA,NA,NA,NA,NA
2014-11-06,"Sinoe","Sinoe",2014-11-06,0,0,0,0,31,10,4,17,11,0,0,1,0,0,48,0,0,0,NA,NA,NA,NA,NA
2014-11-07,"Bomi","Bomi",2014-11-07,4,4,0,1,199,66,42,91,97,0,0,11,9,59,212,212,0,0,NA,NA,NA,NA,NA
2014-11-07,"Bong","Bong",2014-11-07,7,7,0,1,267,147,32,88,79,0,0,23,12,0,117,0,0,0,NA,NA,NA,NA,NA
2014-11-07,"Gbarpolu","Gbarpolu",2014-11-07,3,3,0,0,15,7,2,6,5,0,0,0,0,0,47,47,0,1,NA,NA,NA,NA,NA
2014-11-07,"Grand Bassa","Grand Bassa",2014-11-07,0,0,0,0,136,44,72,20,53,0,0,6,2,5,50,50,1,0,NA,NA,NA,NA,NA
2014-11-07,"Grand Cape Mount","Grand Cape Mount",2014-11-07,6,0,6,3,92,41,23,28,51,0,0,7,3,0,252,252,25,0,NA,NA,NA,NA,NA
2014-11-07,"Grand Gedeh","Grand Gedeh",2014-11-07,1,1,0,0,11,7,2,2,4,0,0,1,0,3,0,0,7,0,NA,NA,NA,NA,NA
2014-11-07,"Grand Kru","Grand Kru",2014-11-07,0,0,0,0,32,15,13,4,23,0,0,0,0,0,0,0,0,0,NA,NA,NA,NA,NA
2014-11-07,"Lofa","Lofa",2014-11-07,0,0,0,6,642,169,151,322,365,0,0,22,16,2,115,115,0,0,NA,NA,NA,NA,NA
2014-11-07,"Margibi","Margibi",2014-11-07,2,2,0,0,1190,384,485,321,527,0,0,69,37,1,1827,1827,0,0,NA,NA,NA,NA,NA
2014-11-07,"Maryland","Maryland",2014-11-07,0,0,0,0,18,12,2,4,14,0,0,1,0,0,11,0,0,0,NA,NA,NA,NA,NA
2014-11-07,"Montserrado","Montserrado",2014-11-07,25,16,9,13,3771,1552,706,1513,1515,0,0,168,78,181,4006,3966,373,7,NA,NA,NA,NA,NA
2014-11-07,"National","National",2014-11-07,50,35,15,27,6776,2552,1682,2542,2823,0,0,323,159,251,6936,6469,412,9,NA,NA,NA,NA,NA
2014-11-07,"Nimba","Nimba",2014-11-07,1,1,0,2,324,80,135,109,48,0,0,12,2,0,173,0,6,NA,NA,NA,NA,NA,NA
2014-11-07,"River Cess","River Cess",2014-11-07,1,1,0,1,29,11,8,10,23,0,0,0,0,0,78,0,0,1,NA,NA,NA,NA,NA
2014-11-07,"River Gee","River Gee",2014-11-07,0,0,0,0,18,7,4,7,8,0,0,2,0,0,0,0,0,0,NA,NA,NA,NA,NA
2014-11-07,"Sinoe","Sinoe",2014-11-07,0,0,0,0,32,10,5,17,11,0,0,1,0,0,48,0,0,0,NA,NA,NA,NA,NA
2014-11-08,"Bomi","Bomi",2014-11-08,0,0,0,1,199,66,42,91,97,0,0,11,9,0,212,0,0,0,NA,NA,NA,NA,NA
2014-11-08,"Bong","Bong",2014-11-08,0,0,0,0,302,173,32,97,87,0,0,28,15,0,100,100,0,0,NA,NA,NA,NA,NA
2014-11-08,"Gbarpolu","Gbarpolu",2014-11-08,7,7,0,1,15,7,2,6,5,0,0,0,0,0,58,45,0,0,NA,NA,NA,NA,NA
2014-11-08,"Grand Bassa","Grand Bassa",2014-11-08,0,0,0,0,136,44,72,20,53,0,0,6,2,5,50,50,0,0,NA,NA,NA,NA,NA
2014-11-08,"Grand Cape Mount","Grand Cape Mount",2014-11-08,2,0,2,0,92,41,23,28,51,0,0,7,3,0,250,250,2,0,NA,NA,NA,NA,NA
2014-11-08,"Grand Gedeh","Grand Gedeh",2014-11-08,1,1,0,1,11,7,2,2,4,0,0,1,0,0,0,0,0,0,NA,NA,NA,NA,NA
2014-11-08,"Grand Kru","Grand Kru",2014-11-08,0,0,0,0,33,15,14,4,25,0,0,0,0,0,0,0,0,0,NA,NA,NA,NA,NA
2014-11-08,"Lofa","Lofa",2014-11-08,1,1,0,1,642,169,151,322,365,0,0,22,16,32,128,128,0,0,NA,NA,NA,NA,NA
2014-11-08,"Margibi","Margibi",2014-11-08,5,2,3,1,1192,386,485,321,527,0,0,69,37,55,1881,1881,0,0,NA,NA,NA,NA,NA
2014-11-08,"Maryland","Maryland",2014-11-08,0,0,0,0,18,12,2,4,14,0,0,1,0,0,11,0,0,0,NA,NA,NA,NA,NA
2014-11-08,"Montserrado","Montserrado",2014-11-08,11,3,8,7,3779,1554,710,1515,1518,0,0,169,78,97,3280,3251,181,1,NA,NA,NA,NA,NA
2014-11-08,"National","National",2014-11-08,28,15,13,14,6822,2582,1687,2553,2836,0,0,329,162,189,6222,5957,246,1,NA,NA,NA,NA,NA
2014-11-08,"Nimba","Nimba",2014-11-08,0,0,0,0,324,80,135,109,48,0,0,12,2,0,123,123,58,0,NA,NA,NA,NA,NA
2014-11-08,"River Cess","River Cess",2014-11-08,1,1,0,2,29,11,8,10,23,0,0,0,0,0,81,81,5,0,NA,NA,NA,NA,NA
2014-11-08,"River Gee","River Gee",2014-11-08,0,0,0,0,18,7,4,7,8,0,0,2,0,0,0,0,0,0,NA,NA,NA,NA,NA
2014-11-08,"Sinoe","Sinoe",2014-11-08,0,0,0,0,32,10,5,17,11,0,0,1,0,0,48,48,0,0,NA,NA,NA,NA,NA
2014-11-14,"Bomi","Bomi",2014-11-14,0,0,0,0,283,84,68,131,153,0,0,18,14,0,0,0,0,0,NA,NA,NA,NA,NA
2014-11-14,"Bong","Bong",2014-11-14,4,4,0,2,302,173,32,97,88,0,0,28,16,0,169,169,6,0,NA,NA,NA,NA,NA
2014-11-14,"Gbarpolu","Gbarpolu",2014-11-14,0,0,0,0,17,9,2,6,5,0,0,0,0,0,54,46,0,0,NA,NA,NA,NA,NA
2014-11-14,"Grand Bassa","Grand Bassa",2014-11-14,1,1,0,0,140,43,75,22,54,1,0,7,2,0,43,0,0,0,NA,NA,NA,NA,NA
2014-11-14,"Grand Cape Mount","Grand Cape Mount",2014-11-14,4,3,1,5,97,42,26,29,54,0,0,7,3,0,184,184,0,0,NA,NA,NA,NA,NA
2014-11-14,"Grand Gedeh","Grand Gedeh",2014-11-14,0,0,0,0,11,7,2,2,4,0,0,1,0,0,0,0,0,0,NA,NA,NA,NA,NA
2014-11-14,"Grand Kru","Grand Kru",2014-11-14,0,0,0,0,34,14,16,4,25,0,0,0,0,0,0,0,1,0,NA,NA,NA,NA,NA
2014-11-14,"Lofa","Lofa",2014-11-14,1,1,0,1,641,167,149,325,375,0,0,22,16,0,139,139,0,0,NA,NA,NA,NA,NA
2014-11-14,"Margibi","Margibi",2014-11-14,3,3,0,0,1219,402,487,330,535,0,0,69,37,4,1929,1929,0,0,NA,NA,NA,NA,NA
2014-11-14,"Maryland","Maryland",2014-11-14,1,1,0,1,19,13,2,4,15,0,0,1,0,1,1,1,0,0,NA,NA,NA,NA,NA
2014-11-14,"Montserrado","Montserrado",2014-11-14,6,2,4,11,3874,1599,735,1540,1559,0,0,172,80,86,2882,2873,149,3,NA,NA,NA,NA,NA
2014-11-14,"National","National",2014-11-14,20,15,5,20,7060,2661,1757,2642,2960,1,0,340,170,91,5566,5506,156,3,NA,NA,NA,NA,NA
2014-11-14,"Nimba","Nimba",2014-11-14,0,0,0,0,328,80,137,111,50,0,0,12,2,0,51,51,0,0,NA,NA,NA,NA,NA
2014-11-14,"River Cess","River Cess",2014-11-14,0,0,0,0,44,11,16,17,24,0,0,0,0,0,91,91,0,0,NA,NA,NA,NA,NA
2014-11-14,"River Gee","River Gee",2014-11-14,0,0,0,0,19,7,5,7,8,0,0,2,0,0,0,0,0,0,NA,NA,NA,NA,NA
2014-11-14,"Sinoe","Sinoe",2014-11-14,0,0,0,0,32,10,5,17,11,0,0,1,0,0,23,23,0,0,NA,NA,NA,NA,NA
2014-11-15,"Bomi","Bomi",2014-11-15,0,0,0,1,283,84,68,131,153,0,0,18,14,0,0,0,0,0,NA,NA,NA,NA,NA
2014-11-15,"Bong","Bong",2014-11-15,7,7,0,3,302,173,32,97,88,0,0,28,16,0,169,169,6,0,NA,NA,NA,NA,NA
2014-11-15,"Gbarpolu","Gbarpolu",2014-11-15,1,1,0,0,17,9,2,6,5,0,0,0,0,0,54,46,0,0,NA,NA,NA,NA,NA
2014-11-15,"Grand Bassa","Grand Bassa",2014-11-15,1,0,1,0,142,43,76,23,55,0,0,8,2,0,43,0,0,0,NA,NA,NA,NA,NA
2014-11-15,"Grand Cape Mount","Grand Cape Mount",2014-11-15,1,1,0,3,97,42,26,29,54,0,0,7,3,0,184,184,0,0,NA,NA,NA,NA,NA
2014-11-15,"Grand Gedeh","Grand Gedeh",2014-11-15,0,0,0,0,11,7,2,2,4,0,0,1,0,0,0,0,0,0,NA,NA,NA,NA,NA
2014-11-15,"Grand Kru","Grand Kru",2014-11-15,1,1,0,0,34,14,16,4,25,0,0,0,0,0,0,0,1,0,NA,NA,NA,NA,NA
2014-11-15,"Lofa","Lofa",2014-11-15,0,0,0,0,641,167,149,325,375,0,0,22,16,0,139,139,0,0,NA,NA,NA,NA,NA
2014-11-15,"Margibi","Margibi",2014-11-15,1,1,0,0,1219,402,487,330,535,0,0,69,37,4,1929,1929,0,0,NA,NA,NA,NA,NA
2014-11-15,"Maryland","Maryland",2014-11-15,0,0,0,0,19,13,2,4,15,0,0,1,0,1,1,1,0,0,NA,NA,NA,NA,NA
2014-11-15,"Montserrado","Montserrado",2014-11-15,23,13,10,5,3881,1602,739,1540,1562,0,0,172,80,86,2882,2873,149,3,NA,NA,NA,NA,NA
2014-11-15,"National","National",2014-11-15,39,28,11,12,7069,2664,1762,2643,2964,0,0,341,170,91,5566,5506,156,3,NA,NA,NA,NA,NA
2014-11-15,"Nimba","Nimba",2014-11-15,0,0,0,0,328,80,137,111,50,0,0,12,2,0,51,51,0,0,NA,NA,NA,NA,NA
2014-11-15,"River Cess","River Cess",2014-11-15,4,4,0,0,44,11,16,17,24,0,0,0,0,0,91,91,0,0,NA,NA,NA,NA,NA
2014-11-15,"River Gee","River Gee",2014-11-15,0,0,0,0,19,7,5,7,8,0,0,2,0,0,0,0,0,0,NA,NA,NA,NA,NA
2014-11-15,"Sinoe","Sinoe",2014-11-15,0,0,0,0,32,10,5,17,11,0,0,1,0,0,23,23,0,0,NA,NA,NA,NA,NA
2014-11-19,"Bomi","Bomi",2014-11-19,0,0,0,0,285,84,66,135,158,0,0,18,14,0,318,226,0,0,NA,NA,NA,NA,NA
2014-11-19,"Bong","Bong",2014-11-19,8,8,0,8,308,173,32,103,88,0,0,29,16,14,198,198,0,0,NA,NA,NA,NA,NA
2014-11-19,"Gbarpolu","Gbarpolu",2014-11-19,0,0,0,0,20,10,3,7,5,0,0,0,0,0,57,31,15,0,NA,NA,NA,NA,NA
2014-11-19,"Grand Bassa","Grand Bassa",2014-11-19,0,0,0,0,139,39,67,33,60,0,0,8,4,0,59,30,1,29,NA,NA,NA,NA,NA
2014-11-19,"Grand Cape Mount","Grand Cape Mount",2014-11-19,2,0,2,0,96,38,26,32,54,0,0,7,3,18,286,286,2,0,NA,NA,NA,NA,NA
2014-11-19,"Grand Gedeh","Grand Gedeh",2014-11-19,0,0,0,0,10,8,0,2,5,0,0,0,0,0,1,1,0,0,NA,NA,NA,NA,NA
2014-11-19,"Grand Kru","Grand Kru",2014-11-19,0,0,0,0,34,14,16,4,25,0,0,0,0,0,0,0,0,0,NA,NA,NA,NA,NA
2014-11-19,"Lofa","Lofa",2014-11-19,0,0,0,0,641,167,149,325,376,0,0,22,16,0,102,100,0,0,NA,NA,NA,NA,NA
2014-11-19,"Margibi","Margibi",2014-11-19,5,4,1,0,1214,396,482,336,534,0,0,69,37,45,2013,2013,0,0,NA,NA,NA,NA,NA
2014-11-19,"Maryland","Maryland",2014-11-19,0,0,0,0,21,15,2,4,17,0,0,1,0,0,17,17,0,0,NA,NA,NA,NA,NA
2014-11-19,"Montserrado","Montserrado",2014-11-19,15,12,3,11,3921,1600,737,1584,1576,0,0,173,80,211,3148,3140,146,0,NA,NA,NA,NA,NA
2014-11-19,"National","National",2014-11-19,36,29,7,21,7107,2650,1740,2717,2992,0,0,342,172,306,6404,6229,182,29,NA,NA,NA,NA,NA
2014-11-19,"Nimba","Nimba",2014-11-19,5,4,1,0,326,80,136,110,50,0,0,12,2,0,32,32,18,0,NA,NA,NA,NA,NA
2014-11-19,"River Cess","River Cess",2014-11-19,0,0,0,0,42,9,16,17,25,0,0,0,0,0,91,91,0,0,NA,NA,NA,NA,NA
2014-11-19,"River Gee","River Gee",2014-11-19,0,0,0,0,19,7,5,7,8,0,0,2,0,0,0,0,0,0,NA,NA,NA,NA,NA
2014-11-19,"Sinoe","Sinoe",2014-11-19,1,1,0,2,31,10,3,18,11,0,0,1,0,18,82,64,0,0,NA,NA,NA,NA,NA
2014-11-20,"Bomi","Bomi",2014-11-20,3,2,1,0,285,84,66,135,158,0,0,18,14,0,166,160,0,0,NA,NA,NA,NA,NA
2014-11-20,"Bong","Bong",2014-11-20,7,4,3,6,308,173,32,103,88,0,0,29,16,34,232,232,0,0,NA,NA,NA,NA,NA
2014-11-20,"Gbarpolu","Gbarpolu",2014-11-20,0,0,0,0,20,10,3,7,5,0,0,0,0,0,57,31,0,0,NA,NA,NA,NA,NA
2014-11-20,"Grand Bassa","Grand Bassa",2014-11-20,0,0,0,0,139,39,67,33,60,0,0,8,4,0,58,37,0,21,NA,NA,NA,NA,NA
2014-11-20,"Grand Cape Mount","Grand Cape Mount",2014-11-20,2,1,1,0,96,38,26,32,54,0,0,7,3,28,311,311,4,0,NA,NA,NA,NA,NA
2014-11-20,"Grand Gedeh","Grand Gedeh",2014-11-20,0,0,0,0,10,8,0,2,5,0,0,0,0,0,1,1,0,0,NA,NA,NA,NA,NA
2014-11-20,"Grand Kru","Grand Kru",2014-11-20,0,0,0,0,34,14,16,4,25,0,0,0,0,0,72,0,0,10,NA,NA,NA,NA,NA
2014-11-20,"Lofa","Lofa",2014-11-20,0,0,0,0,641,167,149,325,376,0,0,22,16,0,67,67,35,0,NA,NA,NA,NA,NA
2014-11-20,"Margibi","Margibi",2014-11-20,3,3,0,0,1225,398,483,344,536,0,0,69,37,15,1980,1980,48,0,NA,NA,NA,NA,NA
2014-11-20,"Maryland","Maryland",2014-11-20,0,0,0,0,21,15,2,4,17,0,0,1,0,0,17,17,0,0,NA,NA,NA,NA,NA
2014-11-20,"Montserrado","Montserrado",2014-11-20,25,18,7,24,3961,1630,747,1584,1598,0,0,173,80,215,3098,3095,98,0,NA,NA,NA,NA,NA
2014-11-20,"National","National",2014-11-20,40,28,12,30,7161,2683,1752,2726,3016,0,0,342,172,292,6232,6104,217,31,NA,NA,NA,NA,NA
2014-11-20,"Nimba","Nimba",2014-11-20,0,0,0,0,326,80,136,110,50,0,0,12,2,0,0,0,32,0,NA,NA,NA,NA,NA
2014-11-20,"River Cess","River Cess",2014-11-20,0,0,0,0,44,9,17,18,25,0,0,0,0,0,91,91,0,0,NA,NA,NA,NA,NA
2014-11-20,"River Gee","River Gee",2014-11-20,0,0,0,0,19,7,5,7,8,0,0,2,0,0,0,0,0,0,NA,NA,NA,NA,NA
2014-11-20,"Sinoe","Sinoe",2014-11-20,0,0,0,0,32,11,3,18,11,0,0,1,0,0,82,82,0,0,NA,NA,NA,NA,NA
2014-11-21,"Bomi","Bomi",2014-11-21,0,0,0,0,285,84,66,135,158,0,0,18,14,0,166,160,0,0,NA,NA,NA,NA,NA
2014-11-21,"Bong","Bong",2014-11-21,5,5,0,3,308,173,32,103,88,0,0,29,16,0,232,232,0,0,NA,NA,NA,NA,NA
2014-11-21,"Gbarpolu","Gbarpolu",2014-11-21,0,0,0,0,20,10,3,7,5,0,0,0,0,0,57,31,2,0,NA,NA,NA,NA,NA
2014-11-21,"Grand Bassa","Grand Bassa",2014-11-21,4,3,1,1,143,42,68,33,60,0,1,8,4,32,90,63,0,0,NA,NA,NA,NA,NA
2014-11-21,"Grand Cape Mount","Grand Cape Mount",2014-11-21,6,0,6,1,96,38,26,32,54,0,0,7,3,30,335,335,6,0,NA,NA,NA,NA,NA
2014-11-21,"Grand Gedeh","Grand Gedeh",2014-11-21,0,0,0,0,10,8,0,2,5,0,0,0,0,0,1,1,0,0,NA,NA,NA,NA,NA
2014-11-21,"Grand Kru","Grand Kru",2014-11-21,0,0,0,0,34,14,16,4,25,0,0,0,0,0,72,0,0,10,NA,NA,NA,NA,NA
2014-11-21,"Lofa","Lofa",2014-11-21,1,1,0,1,641,167,149,325,376,0,0,22,16,0,67,67,0,0,NA,NA,NA,NA,NA
2014-11-21,"Margibi","Margibi",2014-11-21,0,0,0,0,1225,398,483,344,536,0,0,69,37,0,1980,1350,0,0,NA,NA,NA,NA,NA
2014-11-21,"Maryland","Maryland",2014-11-21,1,1,0,0,21,15,2,4,17,0,0,1,0,10,27,27,0,0,NA,NA,NA,NA,NA
2014-11-21,"Montserrado","Montserrado",2014-11-21,20,9,11,8,3961,1630,747,1584,1598,0,0,173,80,91,3138,3132,107,6,NA,NA,NA,NA,NA
2014-11-21,"National","National",2014-11-21,37,19,18,14,7165,2686,1753,2726,3016,0,1,342,172,163,6277,5510,176,16,NA,NA,NA,NA,NA
2014-11-21,"Nimba","Nimba",2014-11-21,0,0,0,0,326,80,136,110,50,0,0,12,2,0,0,0,0,0,NA,NA,NA,NA,NA
2014-11-21,"River Cess","River Cess",2014-11-21,0,0,0,0,44,9,17,18,25,0,0,0,0,0,30,30,61,0,NA,NA,NA,NA,NA
2014-11-21,"River Gee","River Gee",2014-11-21,0,0,0,0,19,7,5,7,8,0,0,2,0,0,0,0,0,0,NA,NA,NA,NA,NA
2014-11-21,"Sinoe","Sinoe",2014-11-21,0,0,0,0,32,11,3,18,11,0,0,1,0,0,82,82,0,0,NA,NA,NA,NA,NA
2014-11-23,"Bomi","Bomi",2014-11-23,0,0,0,0,285,84,66,135,158,0,0,18,14,0,166,162,0,4,NA,NA,NA,NA,NA
2014-11-23,"Bong","Bong",2014-11-23,0,0,0,0,307,172,32,103,88,0,0,29,16,0,217,217,15,0,NA,NA,NA,NA,NA
2014-11-23,"Gbarpolu","Gbarpolu",2014-11-23,0,0,0,0,20,10,3,7,5,0,0,0,0,0,57,31,0,26,NA,NA,NA,NA,NA
2014-11-23,"Grand Bassa","Grand Bassa",2014-11-23,0,0,0,0,139,39,67,33,60,0,0,8,4,0,85,63,0,5,NA,NA,NA,NA,NA
2014-11-23,"Grand Cape Mount","Grand Cape Mount",2014-11-23,1,1,0,0,132,46,48,38,68,0,0,8,4,0,318,318,0,0,NA,NA,NA,NA,NA
2014-11-23,"Grand Gedeh","Grand Gedeh",2014-11-23,0,0,0,0,10,8,0,2,5,0,0,0,0,0,1,1,0,0,NA,NA,NA,NA,NA
2014-11-23,"Grand Kru","Grand Kru",2014-11-23,0,0,0,0,34,14,16,4,25,0,0,0,0,0,72,60,0,10,NA,NA,NA,NA,NA
2014-11-23,"Lofa","Lofa",2014-11-23,0,0,0,0,641,167,149,325,376,0,0,22,16,0,67,67,0,0,NA,NA,NA,NA,NA
2014-11-23,"Margibi","Margibi",2014-11-23,0,0,0,0,1225,398,483,344,536,0,0,69,37,0,2082,1110,0,0,NA,NA,NA,NA,NA
2014-11-23,"Maryland","Maryland",2014-11-23,0,0,0,0,21,15,2,4,17,0,0,1,0,0,27,27,0,0,NA,NA,NA,NA,NA
2014-11-23,"Montserrado","Montserrado",2014-11-23,4,4,0,3,3962,1629,743,1590,1597,0,0,173,80,18,3047,3039,52,8,NA,NA,NA,NA,NA
2014-11-23,"National","National",2014-11-23,7,7,0,3,7196,2688,1770,2738,3029,0,0,343,173,38,6271,5152,67,53,NA,NA,NA,NA,NA
2014-11-23,"Nimba","Nimba",2014-11-23,1,1,0,0,326,80,136,110,50,0,0,12,2,0,0,0,0,0,NA,NA,NA,NA,NA
2014-11-23,"River Cess","River Cess",2014-11-23,0,0,0,0,44,9,17,18,25,0,0,0,0,0,30,30,0,0,NA,NA,NA,NA,NA
2014-11-23,"River Gee","River Gee",2014-11-23,0,0,0,0,18,6,5,7,8,0,0,2,0,0,0,0,0,0,NA,NA,NA,NA,NA
2014-11-23,"Sinoe","Sinoe",2014-11-23,1,1,0,0,32,11,3,18,11,0,0,1,0,20,102,27,0,0,NA,NA,NA,NA,NA
2014-11-24,"Bomi","Bomi",2014-11-24,1,1,0,1,285,84,66,135,127,0,0,18,14,0,166,162,0,4,NA,NA,NA,NA,NA
2014-11-24,"Bong","Bong",2014-11-24,3,3,0,2,309,173,31,105,220,0,0,30,16,0,211,211,6,0,NA,NA,NA,NA,NA
2014-11-24,"Gbarpolu","Gbarpolu",2014-11-24,0,0,0,0,20,10,3,7,15,0,0,0,0,0,56,30,1,25,NA,NA,NA,NA,NA
2014-11-24,"Grand Bassa","Grand Bassa",2014-11-24,1,0,1,0,139,39,67,33,79,0,0,8,4,8,81,72,4,9,NA,NA,NA,NA,NA
2014-11-24,"Grand Cape Mount","Grand Cape Mount",2014-11-24,1,1,0,1,133,45,49,39,64,0,0,8,4,34,352,352,24,0,NA,NA,NA,NA,NA
2014-11-24,"Grand Gedeh","Grand Gedeh",2014-11-24,0,0,0,0,10,8,0,2,5,0,0,0,0,0,1,1,0,0,NA,NA,NA,NA,NA
2014-11-24,"Grand Kru","Grand Kru",2014-11-24,0,0,0,0,35,14,17,4,9,0,0,0,0,0,72,60,0,10,NA,NA,NA,NA,NA
2014-11-24,"Lofa","Lofa",2014-11-24,0,0,0,0,644,170,149,325,261,0,0,22,16,0,66,66,1,0,NA,NA,NA,NA,NA
2014-11-24,"Margibi","Margibi",2014-11-24,4,4,0,0,1218,393,475,350,682,0,0,69,38,14,2096,1105,0,0,NA,NA,NA,NA,NA
2014-11-24,"Maryland","Maryland",2014-11-24,0,0,0,0,21,15,2,4,4,0,0,1,0,12,27,27,0,0,NA,NA,NA,NA,NA
2014-11-24,"Montserrado","Montserrado",2014-11-24,15,12,3,11,4010,1659,756,1595,2392,0,0,173,80,80,2987,2986,72,10,NA,NA,NA,NA,NA
2014-11-24,"National","National",2014-11-24,25,21,4,15,7244,2720,1771,2753,4181,0,0,344,174,160,6232,5138,123,109,NA,NA,NA,NA,NA
2014-11-24,"Nimba","Nimba",2014-11-24,0,0,0,0,322,80,131,111,272,0,0,12,2,0,0,0,0,0,NA,NA,NA,NA,NA
2014-11-24,"River Cess","River Cess",2014-11-24,0,0,0,0,44,9,17,18,19,0,0,0,0,0,30,30,0,0,NA,NA,NA,NA,NA
2014-11-24,"River Gee","River Gee",2014-11-24,0,0,0,0,18,6,5,7,10,0,0,2,0,0,0,0,0,0,NA,NA,NA,NA,NA
2014-11-24,"Sinoe","Sinoe",2014-11-24,0,0,0,0,36,15,3,18,22,0,0,1,0,12,87,36,15,51,NA,NA,NA,NA,NA
2014-11-26,"Bomi","Bomi",2014-11-26,4,0,4,0,288,84,69,135,158,0,0,18,14,3,138,138,0,0,NA,NA,NA,NA,NA
2014-11-26,"Bong","Bong",2014-11-26,0,0,0,12,309,173,31,105,89,0,0,30,16,0,211,211,0,0,NA,NA,NA,NA,NA
2014-11-26,"Gbarpolu","Gbarpolu",2014-11-26,0,0,0,0,20,10,3,7,5,0,0,0,0,0,54,27,0,27,NA,NA,NA,NA,NA
2014-11-26,"Grand Bassa","Grand Bassa",2014-11-26,1,1,0,1,141,40,66,35,62,0,0,8,4,0,71,62,10,9,NA,NA,NA,NA,NA
2014-11-26,"Grand Cape Mount","Grand Cape Mount",2014-11-26,1,1,0,0,134,45,50,39,69,0,0,8,4,21,335,335,14,2,NA,NA,NA,NA,NA
2014-11-26,"Grand Gedeh","Grand Gedeh",2014-11-26,0,0,0,0,10,8,0,2,5,0,0,0,0,0,1,1,0,0,NA,NA,NA,NA,NA
2014-11-26,"Grand Kru","Grand Kru",2014-11-26,0,0,0,0,35,14,17,4,26,0,0,0,0,0,72,60,0,10,NA,NA,NA,NA,NA
2014-11-26,"Lofa","Lofa",2014-11-26,1,1,0,1,644,170,149,325,383,0,0,22,16,0,66,66,0,0,NA,NA,NA,NA,NA
2014-11-26,"Margibi","Margibi",2014-11-26,2,1,1,0,1227,398,475,354,546,0,0,69,38,17,2119,1501,0,0,NA,NA,NA,NA,NA
2014-11-26,"Maryland","Maryland",2014-11-26,0,0,0,0,21,15,2,4,17,0,0,1,0,0,27,27,0,0,NA,NA,NA,NA,NA
2014-11-26,"Montserrado","Montserrado",2014-11-26,19,14,5,7,4029,1675,760,1594,1622,3,0,174,80,207,2991,2987,75,4,NA,NA,NA,NA,NA
2014-11-26,"National","National",2014-11-26,28,18,10,21,7278,2742,1778,2758,3079,3,0,345,174,248,6203,5497,99,88,NA,NA,NA,NA,NA
2014-11-26,"Nimba","Nimba",2014-11-26,0,0,0,0,322,80,131,111,50,0,0,12,2,0,0,0,0,0,NA,NA,NA,NA,NA
2014-11-26,"River Cess","River Cess",2014-11-26,0,0,0,0,44,9,17,18,25,0,0,0,0,0,31,31,0,0,NA,NA,NA,NA,NA
2014-11-26,"River Gee","River Gee",2014-11-26,0,0,0,0,18,6,5,7,8,0,0,2,0,0,0,0,0,0,NA,NA,NA,NA,NA
2014-11-26,"Sinoe","Sinoe",2014-11-26,0,0,0,0,36,15,3,18,14,0,0,1,0,0,87,51,0,36,NA,NA,NA,NA,NA
2014-11-27,"Bomi","Bomi",2014-11-27,1,0,1,0,288,84,69,135,158,0,0,18,14,4,142,142,0,0,NA,NA,NA,NA,NA
2014-11-27,"Bong","Bong",2014-11-27,0,0,0,1,309,173,31,105,89,0,0,30,16,0,202,202,9,0,NA,NA,NA,NA,NA
2014-11-27,"Gbarpolu","Gbarpolu",2014-11-27,0,0,0,0,20,10,3,7,5,0,0,0,0,0,54,27,0,27,NA,NA,NA,NA,NA
2014-11-27,"Grand Bassa","Grand Bassa",2014-11-27,5,4,1,0,141,40,66,35,62,0,0,8,4,2,73,65,0,0,NA,NA,NA,NA,NA
2014-11-27,"Grand Cape Mount","Grand Cape Mount",2014-11-27,1,1,0,0,134,45,50,39,69,0,0,8,4,20,350,350,14,0,NA,NA,NA,NA,NA
2014-11-27,"Grand Gedeh","Grand Gedeh",2014-11-27,0,0,0,0,10,8,0,2,5,0,0,0,0,0,1,1,0,0,NA,NA,NA,NA,NA
2014-11-27,"Grand Kru","Grand Kru",2014-11-27,0,0,0,0,35,14,17,4,26,0,0,0,0,0,72,60,0,10,NA,NA,NA,NA,NA
2014-11-27,"Lofa","Lofa",2014-11-27,0,0,0,0,644,170,149,325,383,0,0,22,16,0,66,66,0,0,NA,NA,NA,NA,NA
2014-11-27,"Margibi","Margibi",2014-11-27,4,2,2,1,1227,398,475,354,546,0,0,69,38,44,2143,1713,0,0,NA,NA,NA,NA,NA
2014-11-27,"Maryland","Maryland",2014-11-27,0,0,0,0,21,15,2,4,17,0,0,1,0,0,27,27,0,0,NA,NA,NA,NA,NA
2014-11-27,"Montserrado","Montserrado",2014-11-27,23,18,5,14,4029,1675,760,1594,1622,0,0,174,80,99,3107,3094,157,0,NA,NA,NA,NA,NA
2014-11-27,"National","National",2014-11-27,34,25,9,16,7278,2742,1778,2758,3079,0,0,345,174,169,6355,5829,180,73,NA,NA,NA,NA,NA
2014-11-27,"Nimba","Nimba",2014-11-27,0,0,0,0,322,80,131,111,50,0,0,12,2,0,0,0,0,0,NA,NA,NA,NA,NA
2014-11-27,"River Cess","River Cess",2014-11-27,0,0,0,0,44,9,17,18,25,0,0,0,0,0,31,31,0,0,NA,NA,NA,NA,NA
2014-11-27,"River Gee","River Gee",2014-11-27,0,0,0,0,18,6,5,7,8,0,0,2,0,0,0,0,0,0,NA,NA,NA,NA,NA
2014-11-27,"Sinoe","Sinoe",2014-11-27,0,0,0,0,36,15,3,18,14,0,0,1,0,0,87,51,0,36,NA,NA,NA,NA,NA
2014-11-28,"Bomi","Bomi",2014-11-28,2,0,2,1,288,84,69,135,158,0,0,18,14,4,142,142,0,0,0,0,1,0,0
2014-11-28,"Bong","Bong",2014-11-28,2,2,0,6,558,391,32,135,124,0,0,41,16,0,202,202,9,0,0,6,0,0,0
2014-11-28,"Gbarpolu","Gbarpolu",2014-11-28,0,0,0,0,38,25,3,10,10,0,0,0,0,0,54,27,0,27,0,0,0,0,0
2014-11-28,"Grand Bassa","Grand Bassa",2014-11-28,2,1,1,0,146,43,68,35,62,0,0,8,4,0,73,65,0,0,2,0,0,0,1
2014-11-28,"Grand Cape Mount","Grand Cape Mount",2014-11-28,3,2,1,2,135,45,50,40,70,0,0,8,4,110,313,110,14,2,0,2,0,1,0
2014-11-28,"Grand Gedeh","Grand Gedeh",2014-11-28,0,0,0,0,10,8,0,2,5,0,0,0,0,0,1,1,0,0,0,0,0,0,0
2014-11-28,"Grand Kru","Grand Kru",2014-11-28,0,0,0,0,35,14,17,4,26,0,0,0,0,0,72,60,0,10,0,0,0,0,0
2014-11-28,"Lofa","Lofa",2014-11-28,0,0,0,0,645,171,149,325,384,0,0,22,16,0,66,66,0,0,0,0,0,0,0
2014-11-28,"Margibi","Margibi",2014-11-28,5,0,5,0,1253,415,478,360,550,0,0,70,38,0,2143,1713,0,17,0,0,0,0,0
2014-11-28,"Maryland","Maryland",2014-11-28,0,0,0,0,21,15,2,4,17,0,0,1,0,0,27,27,0,0,0,0,0,0,0
2014-11-28,"Montserrado","Montserrado",2014-11-28,18,10,8,10,4083,1718,771,1594,1639,0,0,177,80,136,3073,3066,128,0,4,9,1,0,0
2014-11-28,"National","National",2014-11-28,32,15,17,19,7635,3042,1792,2801,3145,0,0,361,174,250,6284,5561,151,92,6,17,2,1,1
2014-11-28,"Nimba","Nimba",2014-11-28,0,0,0,0,322,80,128,114,53,0,0,12,2,0,0,0,0,0,0,0,0,0,0
2014-11-28,"River Cess","River Cess",2014-11-28,0,0,0,0,44,9,17,18,25,0,0,0,0,0,31,31,0,0,0,0,0,0,0
2014-11-28,"River Gee","River Gee",2014-11-28,0,0,0,0,19,7,5,7,8,0,0,3,0,0,0,0,0,0,0,0,0,0,0
2014-11-28,"Sinoe","Sinoe",2014-11-28,0,0,0,0,38,17,3,18,14,0,0,1,0,0,87,51,0,36,0,0,0,0,0
2014-12-05,"Bomi","Bomi",2014-12-05,2,0,2,0,293,83,75,135,158,NA,NA,18,14,0,112,112,0,1,0,0,0,0,0
2014-12-05,"Bong","Bong",2014-12-05,1,1,0,0,557,390,32,135,124,NA,NA,41,16,0,120,120,19,0,0,0,0,0,0
2014-12-05,"Gbarpolu","Gbarpolu",2014-12-05,1,1,0,0,38,25,3,10,10,NA,NA,0,0,0,8,8,0,0,0,0,0,0,0
2014-12-05,"Grand Bassa","Grand Bassa",2014-12-05,5,3,2,0,156,41,75,40,65,NA,NA,8,4,13,70,58,0,12,0,0,0,0,NA
2014-12-05,"Grand Cape Mount","Grand Cape Mount",2014-12-05,0,0,0,7,153,47,47,59,76,NA,NA,10,4,8,386,385,0,0,0,6,1,0,0
2014-12-05,"Grand Gedeh","Grand Gedeh",2014-12-05,0,0,0,0,10,8,0,2,5,NA,NA,0,0,0,1,1,0,0,0,0,0,0,0
2014-12-05,"Grand Kru","Grand Kru",2014-12-05,0,0,0,0,36,14,18,4,27,NA,NA,0,0,6,72,72,0,0,0,0,0,0,0
2014-12-05,"Lofa","Lofa",2014-12-05,0,0,0,0,645,171,148,326,385,NA,NA,22,16,0,66,66,0,0,0,0,0,0,0
2014-12-05,"Margibi","Margibi",2014-12-05,1,0,1,0,1254,415,474,365,550,NA,NA,71,38,4,1764,1518,0,246,1,0,0,0,0
2014-12-05,"Maryland","Maryland",2014-12-05,0,0,0,0,21,15,2,4,17,NA,NA,1,0,0,16,16,0,0,0,0,0,0,0
2014-12-05,"Montserrado","Montserrado",2014-12-05,19,3,16,3,4149,1733,786,1630,1688,NA,NA,179,80,88,3448,3445,141,0,2,3,0,1,3
2014-12-05,"National","National",2014-12-05,34,13,21,11,7731,3056,1808,2867,3206,NA,NA,366,174,119,6109,5847,166,30,3,10,1,1,3
2014-12-05,"Nimba","Nimba",2014-12-05,5,5,0,1,322,80,128,114,53,NA,NA,12,2,0,0,0,0,0,0,1,0,0,0
2014-12-05,"River Cess","River Cess",2014-12-05,0,0,0,0,41,9,12,20,26,NA,NA,0,0,0,0,0,6,0,0,0,0,0,0
2014-12-05,"River Gee","River Gee",2014-12-05,0,0,0,0,19,7,5,7,8,NA,NA,3,0,0,0,0,0,0,0,0,0,0,0
2014-12-05,"Sinoe","Sinoe",2014-12-05,0,0,0,0,37,18,3,16,14,NA,NA,1,0,0,46,46,0,0,0,0,0,0,0
2014-12-06,"Bomi","Bomi",2014-12-06,1,0,1,0,293,83,75,135,158,NA,NA,18,14,0,112,112,0,0,0,0,0,0,0
2014-12-06,"Bong","Bong",2014-12-06,2,0,2,0,557,390,32,135,124,NA,NA,41,16,0,100,100,20,0,0,0,0,0,0
2014-12-06,"Gbarpolu","Gbarpolu",2014-12-06,0,0,0,0,38,25,3,10,10,NA,NA,0,0,0,0,0,8,0,0,0,0,0,0
2014-12-06,"Grand Bassa","Grand Bassa",2014-12-06,0,0,0,0,156,41,75,40,65,NA,NA,8,4,0,70,58,0,12,2,0,0,0,0
2014-12-06,"Grand Cape Mount","Grand Cape Mount",2014-12-06,4,3,3,1,157,47,49,61,82,NA,NA,10,4,29,386,385,0,1,0,0,1,1,0
2014-12-06,"Grand Gedeh","Grand Gedeh",2014-12-06,0,0,0,0,10,8,0,2,5,NA,NA,0,0,0,1,1,0,0,0,0,0,0,0
2014-12-06,"Grand Kru","Grand Kru",2014-12-06,0,0,0,0,36,14,18,4,27,NA,NA,0,0,0,72,72,38,10,0,0,0,0,0
2014-12-06,"Lofa","Lofa",2014-12-06,0,0,0,0,645,171,148,326,385,NA,NA,22,16,0,66,66,0,0,0,0,0,0,0
2014-12-06,"Margibi","Margibi",2014-12-06,0,0,0,0,1254,415,474,365,550,NA,NA,71,38,0,1764,1518,0,17,1,0,0,0,0
2014-12-06,"Maryland","Maryland",2014-12-06,0,0,0,0,21,15,2,4,17,NA,NA,1,0,0,16,16,0,0,0,0,0,0,0
2014-12-06,"Montserrado","Montserrado",2014-12-06,3,2,1,4,4149,1733,786,1630,1688,NA,NA,179,81,186,3142,3138,0,0,3,1,3,0,4
2014-12-06,"National","National",2014-12-06,11,5,6,5,7735,3056,1810,2869,3212,NA,NA,366,175,215,5775,5512,72,40,6,1,4,1,4
2014-12-06,"Nimba","Nimba",2014-12-06,1,1,0,0,322,80,128,114,53,NA,NA,12,2,0,0,0,0,0,0,0,0,0,0
2014-12-06,"River Cess","River Cess",2014-12-06,0,0,0,0,41,9,12,20,26,NA,NA,0,0,0,0,0,6,0,0,0,0,0,0
2014-12-06,"River Gee","River Gee",2014-12-06,0,0,0,0,19,7,5,7,8,NA,NA,3,0,0,0,0,0,0,0,0,0,0,0
2014-12-06,"Sinoe","Sinoe",2014-12-06,0,0,0,0,37,18,3,16,14,NA,NA,1,0,0,46,46,0,0,0,0,0,0,0
2014-12-07,"Bomi","Bomi",2014-12-07,0,0,0,0,293,83,75,135,158,NA,NA,18,14,0,112,112,0,1,0,0,0,0,0
2014-12-07,"Bong","Bong",2014-12-07,1,1,0,0,557,390,32,135,124,NA,NA,41,16,0,100,100,0,0,0,0,0,0,0
2014-12-07,"Gbarpolu","Gbarpolu",2014-12-07,0,0,0,0,38,25,3,10,10,NA,NA,0,0,0,0,0,8,0,0,0,0,0,0
2014-12-07,"Grand Bassa","Grand Bassa",2014-12-07,0,0,0,0,154,41,73,40,65,NA,NA,8,4,0,46,38,28,2,0,0,0,0,0
2014-12-07,"Grand Cape Mount","Grand Cape Mount",2014-12-07,1,0,1,0,157,47,49,61,82,NA,NA,10,4,0,386,385,0,0,2,0,0,0,0
2014-12-07,"Grand Gedeh","Grand Gedeh",2014-12-07,0,0,0,0,10,8,0,2,5,NA,NA,0,0,0,0,0,0,0,0,0,0,0,0
2014-12-07,"Grand Kru","Grand Kru",2014-12-07,0,0,0,0,36,14,18,4,27,NA,NA,0,0,0,34,24,0,10,0,0,0,0,0
2014-12-07,"Lofa","Lofa",2014-12-07,0,0,0,0,645,171,148,326,385,NA,NA,22,16,0,0,0,0,0,0,0,0,0,0
2014-12-07,"Margibi","Margibi",2014-12-07,0,0,0,0,1254,415,474,365,550,NA,NA,71,38,0,1764,1579,0,185,0,0,0,0,0
2014-12-07,"Maryland","Maryland",2014-12-07,0,0,0,0,21,15,2,4,17,NA,NA,1,0,0,10,10,6,0,0,0,0,0,0
2014-12-07,"Montserrado","Montserrado",2014-12-07,7,5,2,0,4181,1744,807,1630,1698,NA,NA,179,83,84,3438,3433,50,0,5,0,0,0,4
2014-12-07,"National","National",2014-12-07,9,6,3,1,7765,3067,1829,2869,3222,NA,NA,366,177,84,5980,5703,92,198,7,1,0,0,4
2014-12-07,"Nimba","Nimba",2014-12-07,0,0,0,1,322,80,128,114,53,NA,NA,12,2,0,0,0,0,0,0,1,0,0,0
2014-12-07,"River Cess","River Cess",2014-12-07,0,0,0,0,41,9,12,20,26,NA,NA,0,0,0,0,0,0,0,0,0,0,0,0
2014-12-07,"River Gee","River Gee",2014-12-07,0,0,0,0,19,7,5,7,8,NA,NA,3,0,0,0,0,0,0,0,0,0,0,0
2014-12-07,"Sinoe","Sinoe",2014-12-07,0,0,0,0,37,18,3,16,14,NA,NA,1,0,0,46,46,0,0,0,0,0,0,0
2014-12-08,"Bomi","Bomi",2014-12-08,0,0,0,1,292,83,74,135,158,NA,NA,18,14,0,112,112,0,1,0,1,0,0,1
2014-12-08,"Bong","Bong",2014-12-08,1,1,0,1,557,390,32,135,125,NA,NA,41,16,0,40,40,0,0,0,1,0,0,0
2014-12-08,"Gbarpolu","Gbarpolu",2014-12-08,0,0,0,0,39,26,3,10,10,NA,NA,0,0,0,0,0,0,0,0,0,0,0,0
2014-12-08,"Grand Bassa","Grand Bassa",2014-12-08,0,0,0,0,154,43,70,41,68,NA,NA,8,4,0,40,10,30,2,0,0,0,0,0
2014-12-08,"Grand Cape Mount","Grand Cape Mount",2014-12-08,5,3,2,5,164,48,49,67,84,NA,NA,10,4,20,339,328,11,0,1,5,0,0,0
2014-12-08,"Grand Gedeh","Grand Gedeh",2014-12-08,0,0,0,0,10,8,0,2,5,NA,NA,0,0,0,0,0,0,0,0,0,0,0,0
2014-12-08,"Grand Kru","Grand Kru",2014-12-08,0,0,0,0,36,14,18,4,27,NA,NA,0,0,0,78,0,38,10,0,0,0,0,0
2014-12-08,"Lofa","Lofa",2014-12-08,0,0,0,0,644,171,148,325,384,NA,NA,22,16,0,0,0,0,0,0,0,0,0,0
2014-12-08,"Margibi","Margibi",2014-12-08,5,5,0,1,1256,412,465,379,551,NA,NA,71,38,13,962,608,0,0,1,1,0,0,0
2014-12-08,"Maryland","Maryland",2014-12-08,0,0,0,0,21,15,2,4,17,NA,NA,1,0,0,10,10,6,0,0,0,0,0,0
2014-12-08,"Montserrado","Montserrado",2014-12-08,12,6,6,3,4194,1730,797,1667,1725,NA,NA,179,83,115,3411,3390,147,0,2,3,0,0,1
2014-12-08,"National","National",2014-12-08,23,15,8,12,7786,3054,1805,2927,3255,NA,NA,366,177,148,4998,4510,232,37,4,12,0,0,2
2014-12-08,"Nimba","Nimba",2014-12-08,0,0,0,0,320,78,128,114,53,NA,NA,12,2,0,0,0,0,0,0,0,0,0,0
2014-12-08,"River Cess","River Cess",2014-12-08,0,0,0,0,41,9,12,20,26,NA,NA,0,0,0,0,0,0,0,0,0,0,0,0
2014-12-08,"River Gee","River Gee",2014-12-08,0,0,0,0,19,7,4,8,8,NA,NA,3,0,0,0,0,0,0,0,0,0,0,0
2014-12-08,"Sinoe","Sinoe",2014-12-08,0,0,0,1,39,20,3,16,14,NA,NA,1,0,0,46,22,0,24,0,1,0,0,0
2014-12-09,"Bomi","Bomi",2014-12-09,0,0,0,0,293,82,74,137,158,NA,NA,NA,18,0,112,112,0,1,0,0,0,0,0
2014-12-09,"Bong","Bong",2014-12-09,6,6,0,0,557,390,32,135,125,NA,NA,14,41,0,40,40,0,0,1,0,0,0,0
2014-12-09,"Gbarpolu","Gbarpolu",2014-12-09,0,0,0,0,39,26,3,10,10,NA,NA,16,0,0,0,0,8,0,0,0,0,0,0
2014-12-09,"Grand Bassa","Grand Bassa",2014-12-09,2,2,0,0,158,45,70,43,70,NA,NA,0,8,7,42,30,0,12,1,0,0,0,0
2014-12-09,"Grand Cape Mount","Grand Cape Mount",2014-12-09,0,0,0,2,165,47,50,68,87,NA,NA,4,10,0,339,328,11,0,0,2,0,1,1
2014-12-09,"Grand Gedeh","Grand Gedeh",2014-12-09,0,0,0,0,10,8,0,2,5,NA,NA,4,0,0,0,0,0,0,0,0,0,0,0
2014-12-09,"Grand Kru","Grand Kru",2014-12-09,0,0,0,0,36,14,18,4,27,NA,NA,0,0,0,78,78,0,0,0,0,0,0,0
2014-12-09,"Lofa","Lofa",2014-12-09,0,0,0,0,645,171,148,326,384,NA,NA,0,22,0,0,0,0,0,0,0,0,0,0
2014-12-09,"Margibi","Margibi",2014-12-09,0,0,0,0,1255,409,463,383,557,NA,NA,16,71,0,962,608,0,0,0,0,0,0,0
2014-12-09,"Maryland","Maryland",2014-12-09,0,0,0,2,23,17,2,4,19,NA,NA,38,1,5,15,15,0,0,0,2,0,0,0
2014-12-09,"Montserrado","Montserrado",2014-12-09,8,5,3,6,4196,1726,794,1676,1747,NA,NA,0,179,162,3726,3718,133,0,0,6,0,1,1
2014-12-09,"National","National",2014-12-09,20,14,6,10,7797,3050,1801,2946,3290,NA,NA,0,366,195,5371,4975,185,13,2,10,0,2,2
2014-12-09,"Nimba","Nimba",2014-12-09,1,1,0,0,320,78,128,114,53,NA,NA,83,12,0,0,0,0,0,0,0,0,0,0
2014-12-09,"River Cess","River Cess",2014-12-09,0,0,0,0,41,9,12,20,26,NA,NA,0,0,0,0,0,0,0,0,0,0,0,0
2014-12-09,"River Gee","River Gee",2014-12-09,0,0,0,0,19,7,4,8,8,NA,NA,2,3,0,0,0,33,0,0,0,0,0,0
2014-12-09,"Sinoe","Sinoe",2014-12-09,3,0,3,0,40,21,3,16,14,NA,NA,0,1,21,57,46,0,0,0,0,0,0,0
2014-12-10,"Bomi","Bomi",2014-12-10,0,0,0,0,296,85,74,137,161,NA,NA,18,14,4,75,75,41,0,0,0,0,0,0
2014-12-10,"Bong","Bong",2014-12-10,2,2,0,2,558,390,33,135,126,NA,NA,41,16,2,42,42,0,0,1,2,0,0,0
2014-12-10,"Gbarpolu","Gbarpolu",2014-12-10,0,0,0,0,39,26,3,10,10,NA,NA,0,0,0,0,0,0,0,0,0,0,0,0
2014-12-10,"Grand Bassa","Grand Bassa",2014-12-10,0,0,0,0,165,46,70,49,71,NA,NA,8,4,0,42,42,0,0,1,0,0,0,1
2014-12-10,"Grand Cape Mount","Grand Cape Mount",2014-12-10,0,0,0,0,165,47,50,68,88,NA,NA,10,4,0,337,337,0,0,0,0,0,0,0
2014-12-10,"Grand Gedeh","Grand Gedeh",2014-12-10,0,0,0,0,10,8,0,2,5,NA,NA,0,0,0,0,0,0,0,0,0,0,0,0
2014-12-10,"Grand Kru","Grand Kru",2014-12-10,0,0,0,0,36,14,18,4,27,NA,NA,0,0,0,0,0,0,0,0,0,0,0,0
2014-12-10,"Lofa","Lofa",2014-12-10,0,0,0,0,645,171,148,326,384,NA,NA,22,16,0,0,0,0,0,0,0,0,0,0
2014-12-10,"Margibi","Margibi",2014-12-10,3,3,0,0,1256,409,464,383,558,NA,NA,71,38,0,962,955,0,7,0,0,0,0,0
2014-12-10,"Maryland","Maryland",2014-12-10,0,0,0,0,23,17,2,4,19,NA,NA,1,0,3,8,8,0,0,0,0,0,0,0
2014-12-10,"Montserrado","Montserrado",2014-12-10,8,5,3,6,4196,1726,794,1676,1747,NA,NA,179,83,251,3799,3768,133,0,10,6,0,0,3
2014-12-10,"National","National",2014-12-10,14,11,3,8,7812,3054,1806,2952,3298,NA,NA,366,177,260,5308,5270,174,7,15,8,0,0,4
2014-12-10,"Nimba","Nimba",2014-12-10,0,0,0,0,323,78,131,114,54,NA,NA,12,2,0,0,0,0,0,0,0,0,0,0
2014-12-10,"River Cess","River Cess",2014-12-10,1,1,0,0,41,9,12,20,26,NA,NA,0,0,0,0,0,0,0,0,0,0,0,0
2014-12-10,"River Gee","River Gee",2014-12-10,0,0,0,0,19,7,4,8,8,NA,NA,3,0,0,0,0,0,0,0,0,0,0,0
2014-12-10,"Sinoe","Sinoe",2014-12-10,0,0,0,0,40,21,3,16,14,NA,NA,1,0,0,43,43,0,0,3,0,0,0,0
2014-12-11,"Bomi","Bomi",2014-12-11,0,0,0,0,296,85,74,137,161,NA,NA,18,14,0,75,75,0,0,0,0,0,0,0
2014-12-11,"Bong","Bong",2014-12-11,3,3,0,0,558,390,33,135,126,NA,NA,41,16,0,24,24,20,0,0,0,0,0,0
2014-12-11,"Gbarpolu","Gbarpolu",2014-12-11,0,0,0,0,39,26,3,10,10,NA,NA,0,0,0,0,0,0,0,0,0,0,0,0
2014-12-11,"Grand Bassa","Grand Bassa",2014-12-11,4,1,3,0,165,46,70,49,71,NA,NA,8,4,16,57,34,2,23,0,0,0,0,0
2014-12-11,"Grand Cape Mount","Grand Cape Mount",2014-12-11,1,0,1,3,165,47,50,68,88,NA,NA,10,4,14,351,349,2,0,0,2,1,0,0
2014-12-11,"Grand Gedeh","Grand Gedeh",2014-12-11,0,0,0,0,10,8,0,2,5,NA,NA,0,0,0,0,0,0,0,0,0,0,0,0
2014-12-11,"Grand Kru","Grand Kru",2014-12-11,0,0,0,0,36,14,18,4,27,NA,NA,0,0,0,0,0,0,0,0,0,0,0,0
2014-12-11,"Lofa","Lofa",2014-12-11,0,0,0,0,645,171,148,326,384,NA,NA,22,16,0,0,0,0,0,0,0,0,0,0
2014-12-11,"Margibi","Margibi",2014-12-11,0,0,0,0,1256,409,464,383,558,NA,NA,71,38,0,962,949,0,0,0,0,0,0,0
2014-12-11,"Maryland","Maryland",2014-12-11,0,0,0,0,23,17,2,4,19,NA,NA,1,0,0,8,8,0,0,0,0,0,0,0
2014-12-11,"Montserrado","Montserrado",2014-12-11,5,4,1,4,4203,1732,795,1676,1751,NA,NA,179,83,38,3955,3914,158,0,4,4,0,0,3
2014-12-11,"National","National",2014-12-11,15,9,6,7,7819,3060,1807,2952,3302,NA,NA,366,177,88,5485,5406,225,23,4,6,1,0,3
2014-12-11,"Nimba","Nimba",2014-12-11,1,1,0,0,323,78,131,114,54,NA,NA,12,2,0,0,0,0,0,0,0,0,0,0
2014-12-11,"River Cess","River Cess",2014-12-11,0,0,0,0,41,9,12,20,26,NA,NA,0,0,0,0,0,0,0,0,0,0,0,0
2014-12-11,"River Gee","River Gee",2014-12-11,0,0,0,0,19,7,4,8,8,NA,NA,3,0,0,0,0,33,0,0,0,0,0,0
2014-12-11,"Sinoe","Sinoe",2014-12-11,1,0,1,0,40,21,3,16,14,NA,NA,1,0,20,53,53,10,0,0,0,0,0,0
2014-12-12,"Bomi","Bomi",2014-12-12,0,0,0,0,296,85,74,137,161,NA,NA,18,14,0,0,0,0,0,0,0,0,0,0
2014-12-12,"Bong","Bong",2014-12-12,4,4,0,0,558,390,33,135,126,NA,NA,41,16,16,30,30,0,0,0,0,0,0,0
2014-12-12,"Gbarpolu","Gbarpolu",2014-12-12,0,0,0,0,39,26,3,10,10,NA,NA,0,0,0,0,0,0,0,0,0,0,0,0
2014-12-12,"Grand Bassa","Grand Bassa",2014-12-12,8,4,4,0,174,49,75,50,73,NA,NA,8,4,12,62,51,0,11,0,0,0,0,0
2014-12-12,"Grand Cape Mount","Grand Cape Mount",2014-12-12,1,1,1,0,165,47,50,68,88,NA,NA,10,4,6,355,345,10,0,0,0,0,1,0
2014-12-12,"Grand Gedeh","Grand Gedeh",2014-12-12,0,0,0,0,10,8,0,2,5,NA,NA,0,0,0,0,0,0,0,0,0,0,0,0
2014-12-12,"Grand Kru","Grand Kru",2014-12-12,0,0,0,0,36,14,18,4,27,NA,NA,0,0,0,0,0,0,0,0,0,0,0,0
2014-12-12,"Lofa","Lofa",2014-12-12,0,0,0,0,645,171,148,326,384,NA,NA,22,16,0,0,0,0,0,0,0,0,0,0
2014-12-12,"Margibi","Margibi",2014-12-12,0,0,0,0,1256,409,464,383,558,NA,NA,71,38,0,962,962,0,0,0,0,0,0,0
2014-12-12,"Maryland","Maryland",2014-12-12,0,0,0,0,23,17,2,4,19,NA,NA,1,0,0,0,0,0,0,0,0,0,0,0
2014-12-12,"Montserrado","Montserrado",2014-12-12,12,8,4,0,4203,1732,795,1676,1751,NA,NA,179,83,55,3789,3749,182,4,1,0,0,0,7
2014-12-12,"National","National",2014-12-12,26,17,9,0,7828,3063,1812,2953,3304,NA,NA,366,177,89,5251,5190,225,15,1,0,0,1,7
2014-12-12,"Nimba","Nimba",2014-12-12,0,0,0,0,323,78,131,114,54,NA,NA,12,2,0,0,0,0,0,0,0,0,0,0
2014-12-12,"River Cess","River Cess",2014-12-12,0,0,0,0,41,9,12,20,26,NA,NA,0,0,0,0,0,0,0,0,0,0,0,0
2014-12-12,"River Gee","River Gee",2014-12-12,0,0,0,0,19,7,4,8,8,NA,NA,3,0,0,0,0,33,0,0,0,0,0,0
2014-12-12,"Sinoe","Sinoe",2014-12-12,0,0,0,0,21,3,16,14,NA,NA,NA,1,0,0,53,53,0,0,0,0,0,0,0
2014-12-13,"Bomi","Bomi",2014-12-13,0,0,0,1,300,89,74,137,165,NA,NA,18,14,0,0,0,0,0,0,0,1,0,0
2014-12-13,"Bong","Bong",2014-12-13,2,2,0,0,558,390,33,135,126,NA,NA,41,16,0,30,30,0,0,0,0,0,0,1
2014-12-13,"Gbarpolu","Gbarpolu",2014-12-13,0,0,0,0,39,26,3,10,10,NA,NA,0,0,0,0,0,0,0,0,0,0,0,0
2014-12-13,"Grand Bassa","Grand Bassa",2014-12-13,0,0,0,1,174,50,72,52,75,NA,NA,8,4,0,60,51,1,9,0,1,0,0,0
2014-12-13,"Grand Cape Mount","Grand Cape Mount",2014-12-13,1,0,1,1,166,47,50,69,89,NA,NA,10,4,0,345,345,0,0,0,1,0,0,0
2014-12-13,"Grand Gedeh","Grand Gedeh",2014-12-13,0,0,0,0,10,8,0,2,5,NA,NA,0,0,0,0,0,0,0,0,0,0,0,0
2014-12-13,"Grand Kru","Grand Kru",2014-12-13,0,0,0,0,36,14,18,4,27,NA,NA,0,0,0,0,0,0,0,0,0,0,0,0
2014-12-13,"Lofa","Lofa",2014-12-13,0,0,0,0,645,171,148,326,384,NA,NA,22,16,0,0,0,0,0,0,0,0,0,0
2014-12-13,"Margibi","Margibi",2014-12-13,0,0,0,0,1257,410,464,383,559,NA,NA,71,38,0,904,904,59,17,0,0,0,0,0
2014-12-13,"Maryland","Maryland",2014-12-13,0,0,0,0,23,17,2,4,19,NA,NA,1,0,0,0,0,0,0,0,0,0,0,0
2014-12-13,"Montserrado","Montserrado",2014-12-13,8,8,0,1,4204,1733,795,1676,1752,NA,NA,179,83,17,3664,3633,155,7,5,0,1,1,0
2014-12-13,"National","National",2014-12-13,11,10,1,4,7835,3070,1809,2956,3313,NA,NA,366,177,17,5044,5004,260,33,6,2,2,1,1
2014-12-13,"Nimba","Nimba",2014-12-13,0,0,0,0,323,78,131,114,54,NA,NA,12,2,0,0,0,0,0,0,0,0,0,0
2014-12-13,"River Cess","River Cess",2014-12-13,0,0,0,0,41,9,12,20,26,NA,NA,0,0,0,0,0,0,0,0,0,0,0,0
2014-12-13,"River Gee","River Gee",2014-12-13,0,0,0,0,19,7,4,8,8,NA,NA,3,0,0,0,0,33,0,0,0,0,0,0
2014-12-13,"Sinoe","Sinoe",2014-12-13,0,0,0,0,21,3,16,14,NA,NA,NA,1,0,0,41,41,12,0,1,0,0,0,0
2014-12-14,"Bomi","Bomi",2014-12-14,0,0,0,0,295,89,68,138,165,NA,NA,18,14,4,116,112,0,1,0,0,0,0,1
2014-12-14,"Bong","Bong",2014-12-14,0,0,0,0,552,381,33,138,133,NA,NA,41,16,0,20,20,0,0,0,0,0,0,0
2014-12-14,"Gbarpolu","Gbarpolu",2014-12-14,0,0,0,0,37,22,3,12,10,NA,NA,0,0,0,0,0,0,0,0,0,0,0,0
2014-12-14,"Grand Bassa","Grand Bassa",2014-12-14,0,0,0,0,173,49,71,53,75,NA,NA,8,4,0,60,53,0,7,0,0,0,0,0
2014-12-14,"Grand Cape Mount","Grand Cape Mount",2014-12-14,0,0,0,0,164,47,43,74,91,NA,NA,10,4,11,356,356,0,0,1,0,0,0,0
2014-12-14,"Grand Gedeh","Grand Gedeh",2014-12-14,0,0,0,0,11,8,0,3,6,NA,NA,0,0,0,0,0,0,0,0,0,0,0,0
2014-12-14,"Grand Kru","Grand Kru",2014-12-14,0,0,0,1,36,14,18,4,27,NA,NA,0,0,0,0,0,0,0,0,1,0,0,0
2014-12-14,"Lofa","Lofa",2014-12-14,0,0,0,0,646,171,148,327,385,NA,NA,22,16,0,0,0,0,0,0,0,0,0,0
2014-12-14,"Margibi","Margibi",2014-12-14,1,1,0,3,1242,404,451,387,558,NA,NA,71,38,22,926,926,0,17,0,3,0,0,0
2014-12-14,"Maryland","Maryland",2014-12-14,0,0,0,0,23,17,2,4,19,NA,NA,1,0,0,0,0,0,0,0,0,0,0,0
2014-12-14,"Montserrado","Montserrado",2014-12-14,3,3,0,0,4217,1717,780,1720,1774,NA,NA,179,83,8,3571,3551,67,3,0,0,0,0,0
2014-12-14,"National","National",2014-12-14,6,6,0,4,7819,3034,1764,3021,3346,NA,NA,366,177,67,5112,5069,100,28,1,4,0,0,1
2014-12-14,"Nimba","Nimba",2014-12-14,2,2,0,0,324,78,130,116,55,NA,NA,12,2,22,22,10,0,0,0,0,0,0,0
2014-12-14,"River Cess","River Cess",2014-12-14,0,0,0,0,40,9,10,21,26,NA,NA,0,0,0,0,0,0,0,0,0,0,0,0
2014-12-14,"River Gee","River Gee",2014-12-14,0,0,0,0,19,7,4,8,8,NA,NA,3,0,0,0,0,33,0,0,0,0,0,0
2014-12-14,"Sinoe","Sinoe",2014-12-14,0,0,0,0,40,21,3,16,14,NA,NA,1,0,0,41,41,0,0,0,0,0,0,0
2014-12-16,"Bomi","Bomi",2014-12-16,0,0,0,0,0,295,89,68,138,NA,NA,18,14,0,13,13,0,0,0,0,0,0,0
2014-12-16,"Bong","Bong",2014-12-16,2,2,0,0,0,550,372,33,145,NA,NA,41,16,0,13,15,15,0,1,0,0,0,0
2014-12-16,"Gbarpolu","Gbarpolu",2014-12-16,0,0,0,0,0,36,18,3,15,NA,NA,0,0,0,0,0,0,0,0,0,0,0,0
2014-12-16,"Grand Bassa","Grand Bassa",2014-12-16,0,0,0,0,0,173,48,71,54,NA,NA,8,4,22,0,52,52,0,0,0,0,0,0
2014-12-16,"Grand Cape Mount","Grand Cape Mount",2014-12-16,1,0,1,1,0,164,47,43,74,NA,NA,10,4,0,4,299,299,0,2,1,0,3,0
2014-12-16,"Grand Gedeh","Grand Gedeh",2014-12-16,0,0,0,0,0,11,8,0,3,NA,NA,0,0,0,0,0,0,0,0,0,0,0,0
2014-12-16,"Grand Kru","Grand Kru",2014-12-16,0,0,0,0,0,36,14,18,4,NA,NA,0,0,0,0,0,0,0,0,0,0,0,0
2014-12-16,"Lofa","Lofa",2014-12-16,0,0,0,0,0,648,170,146,332,NA,NA,22,16,0,0,0,0,0,0,0,0,0,0
2014-12-16,"Margibi","Margibi",2014-12-16,3,3,0,3,0,1229,397,442,390,NA,NA,71,38,0,12,958,958,0,0,3,0,0,0
2014-12-16,"Maryland","Maryland",2014-12-16,0,0,0,0,0,23,17,2,4,NA,NA,1,0,0,0,0,0,0,0,0,0,0,0
2014-12-16,"Montserrado","Montserrado",2014-12-16,11,5,6,3,0,4230,1712,781,1737,NA,NA,179,83,0,48,3557,3556,166,1,3,0,0,9
2014-12-16,"National","National",2014-12-16,17,10,7,8,0,7822,3007,1757,3058,NA,NA,366,177,28,81,4977,4968,166,4,8,0,3,9
2014-12-16,"Nimba","Nimba",2014-12-16,0,0,0,0,0,324,78,130,116,NA,NA,12,2,1,0,35,35,0,0,0,0,0,0
2014-12-16,"River Cess","River Cess",2014-12-16,0,0,0,0,0,40,9,10,21,NA,NA,0,0,0,0,0,0,0,0,0,0,0,0
2014-12-16,"River Gee","River Gee",2014-12-16,0,0,0,0,0,19,7,4,8,NA,NA,3,0,0,0,0,0,0,0,0,0,0,0
2014-12-16,"Sinoe","Sinoe",2014-12-16,0,0,0,1,0,44,21,6,17,NA,NA,1,0,5,4,48,40,0,0,1,0,0,0
2014-12-17,"Bomi","Bomi",2014-12-17,0,0,0,0,0,295,89,68,138,NA,NA,18,14,0,0,13,13,0,0,0,0,0,0
2014-12-17,"Bong","Bong",2014-12-17,2,2,0,0,0,550,367,33,150,NA,NA,41,16,0,13,15,15,0,0,0,0,0,0
2014-12-17,"Gbarpolu","Gbarpolu",2014-12-17,0,0,0,0,0,33,14,3,16,NA,NA,0,0,0,0,0,0,0,0,0,0,0,0
2014-12-17,"Grand Bassa","Grand Bassa",2014-12-17,0,0,0,0,0,173,48,71,54,NA,NA,8,4,22,0,52,52,0,0,0,0,1,0
2014-12-17,"Grand Cape Mount","Grand Cape Mount",2014-12-17,1,1,0,0,0,164,47,43,74,NA,NA,10,4,0,4,299,299,0,1,0,0,0,0
2014-12-17,"Grand Gedeh","Grand Gedeh",2014-12-17,0,0,0,0,0,11,8,0,3,NA,NA,0,0,0,0,0,0,0,0,0,0,0,0
2014-12-17,"Grand Kru","Grand Kru",2014-12-17,0,0,0,0,0,36,14,18,4,NA,NA,0,0,0,0,0,0,0,0,0,0,0,0
2014-12-17,"Lofa","Lofa",2014-12-17,0,0,0,0,0,648,170,146,332,NA,NA,22,16,0,0,0,0,0,0,0,0,0,0
2014-12-17,"Margibi","Margibi",2014-12-17,4,4,0,0,0,1225,394,441,390,NA,NA,71,38,0,12,958,958,0,0,0,0,0,NA
2014-12-17,"Maryland","Maryland",2014-12-17,0,0,0,0,0,23,17,2,4,NA,NA,1,0,0,0,0,0,0,0,0,0,0,0
2014-12-17,"Montserrado","Montserrado",2014-12-17,5,3,2,8,0,4227,1709,779,1739,NA,NA,179,83,0,48,3557,3556,166,0,8,0,0,1
2014-12-17,"National","National",2014-12-17,12,10,2,8,0,7815,2992,1754,3069,NA,NA,366,177,28,81,4977,4968,166,1,0,0,1,1
2014-12-17,"Nimba","Nimba",2014-12-17,0,0,0,0,0,324,78,130,116,NA,NA,12,2,1,0,35,35,0,0,0,0,0,0
2014-12-17,"River Cess","River Cess",2014-12-17,0,0,0,0,0,43,9,10,24,NA,NA,0,0,0,0,0,0,0,0,0,0,0,0
2014-12-17,"River Gee","River Gee",2014-12-17,0,0,0,0,0,19,7,4,8,NA,NA,3,0,0,0,0,0,0,0,0,0,0,0
2014-12-17,"Sinoe","Sinoe",2014-12-17,0,0,0,0,0,44,21,6,17,NA,NA,1,0,5,4,48,40,0,0,0,0,0,0
2014-12-18,"Bomi","Bomi",2014-12-18,0,0,0,0,0,296,90,67,139,NA,NA,18,14,0,0,13,13,0,0,0,0,0,0
2014-12-18,"Bong","Bong",2014-12-18,6,6,0,0,0,550,367,33,150,NA,NA,41,16,0,0,15,15,0,3,0,0,0,0
2014-12-18,"Gbarpolu","Gbarpolu",2014-12-18,0,0,0,0,0,34,15,3,16,NA,NA,0,0,0,0,0,0,0,0,0,0,0,0
2014-12-18,"Grand Bassa","Grand Bassa",2014-12-18,0,0,0,0,0,173,48,71,54,NA,NA,8,4,22,0,46,46,0,0,0,0,0,0
2014-12-18,"Grand Cape Mount","Grand Cape Mount",2014-12-18,0,0,0,1,0,181,51,44,86,NA,NA,10,4,0,2,301,301,0,0,1,0,0,0
2014-12-18,"Grand Gedeh","Grand Gedeh",2014-12-18,0,0,0,0,0,11,8,0,3,NA,NA,0,0,0,0,0,0,0,0,0,0,0,0
2014-12-18,"Grand Kru","Grand Kru",2014-12-18,0,0,0,0,0,36,14,18,4,NA,NA,0,0,0,0,0,0,0,0,0,0,0,0
2014-12-18,"Lofa","Lofa",2014-12-18,0,0,0,0,0,648,170,146,332,NA,NA,22,16,0,0,0,0,0,0,0,0,0,0
2014-12-18,"Margibi","Margibi",2014-12-18,0,0,0,2,0,1225,394,441,390,NA,NA,71,38,0,160,938,938,180,0,2,0,0,0
2014-12-18,"Maryland","Maryland",2014-12-18,0,0,0,0,0,23,17,2,4,NA,NA,1,0,0,0,0,0,0,0,0,0,0,0
2014-12-18,"Montserrado","Montserrado",2014-12-18,4,1,3,1,0,4223,1702,779,1742,NA,NA,180,83,0,23,3557,3556,166,2,1,0,0,0
2014-12-18,"National","National",2014-12-18,10,7,3,5,0,7830,2991,1754,3085,NA,NA,367,177,28,198,4953,4944,346,5,5,0,0,0
2014-12-18,"Nimba","Nimba",2014-12-18,0,0,0,1,0,324,78,130,116,NA,NA,12,2,1,13,35,35,0,0,1,0,0,0
2014-12-18,"River Cess","River Cess",2014-12-18,0,0,0,0,0,43,9,10,24,NA,NA,0,0,0,0,0,0,0,0,0,0,0,0
2014-12-18,"River Gee","River Gee",2014-12-18,0,0,0,0,0,19,7,4,8,NA,NA,3,0,0,0,0,0,0,0,0,0,0,0
2014-12-18,"Sinoe","Sinoe",2014-12-18,0,0,0,0,0,44,21,6,17,NA,NA,1,0,5,0,48,40,0,0,0,0,0,0
2014-12-19,"Bomi","Bomi",2014-12-19,0,0,0,0,0,296,90,67,139,NA,NA,18,14,0,0,13,13,0,0,0,0,0,0
2014-12-19,"Bong","Bong",2014-12-19,8,8,0,0,0,558,375,33,150,NA,NA,41,16,0,0,15,15,0,0,0,0,0,0
2014-12-19,"Gbarpolu","Gbarpolu",2014-12-19,0,0,0,0,0,34,15,3,16,NA,NA,0,0,0,0,0,0,0,0,0,0,0,0
2014-12-19,"Grand Bassa","Grand Bassa",2014-12-19,0,0,0,0,0,173,48,71,54,NA,NA,8,4,22,0,46,46,0,0,0,0,0,0
2014-12-19,"Grand Cape Mount","Grand Cape Mount",2014-12-19,0,0,0,0,0,181,51,44,86,NA,NA,10,4,0,2,301,301,0,0,0,0,0,0
2014-12-19,"Grand Gedeh","Grand Gedeh",2014-12-19,0,0,0,0,0,11,8,0,3,NA,NA,0,0,0,0,0,0,0,0,0,0,0,0
2014-12-19,"Grand Kru","Grand Kru",2014-12-19,0,0,0,0,0,36,14,18,4,NA,NA,0,0,0,0,0,0,0,0,0,0,0,0
2014-12-19,"Lofa","Lofa",2014-12-19,1,1,0,0,0,649,171,146,332,NA,NA,22,16,0,0,0,0,0,0,0,0,0,0
2014-12-19,"Margibi","Margibi",2014-12-19,1,1,0,1,0,1227,396,441,390,NA,NA,71,38,0,160,938,938,180,0,1,0,0,0
2014-12-19,"Maryland","Maryland",2014-12-19,0,0,0,0,0,23,17,2,4,NA,NA,1,0,0,0,0,0,0,0,0,0,0,0
2014-12-19,"Montserrado","Montserrado",2014-12-19,4,2,2,5,0,4232,1709,781,1742,NA,NA,180,83,0,23,3557,3556,166,1,5,0,2,2
2014-12-19,"National","National",2014-12-19,16,14,2,6,0,7852,3011,1756,3085,NA,NA,367,177,28,198,4953,4944,346,1,6,0,2,2
2014-12-19,"Nimba","Nimba",2014-12-19,2,2,0,0,0,326,80,130,116,NA,NA,12,2,1,13,35,35,0,0,0,0,0,0
2014-12-19,"River Cess","River Cess",2014-12-19,0,0,0,0,0,43,9,10,24,NA,NA,0,0,0,0,0,0,0,0,0,0,0,0
2014-12-19,"River Gee","River Gee",2014-12-19,0,0,0,0,0,19,7,4,8,NA,NA,3,0,0,0,0,0,0,0,0,0,0,0
2014-12-19,"Sinoe","Sinoe",2014-12-19,0,0,0,0,0,44,21,6,17,NA,NA,1,0,5,0,48,40,0,0,0,0,0,0
2014-12-20,"Bomi","Bomi",2014-12-20,0,0,0,0,0,296,90,67,139,NA,NA,18,14,0,0,13,13,0,0,0,0,0,0
2014-12-20,"Bong","Bong",2014-12-20,1,1,0,0,0,559,376,33,150,NA,NA,41,16,0,40,59,59,18,0,0,0,0,0
2014-12-20,"Gbarpolu","Gbarpolu",2014-12-20,0,0,0,0,0,34,15,3,16,NA,NA,0,0,0,0,0,0,0,0,0,0,0,0
2014-12-20,"Grand Bassa","Grand Bassa",2014-12-20,1,1,0,0,0,174,49,71,54,NA,NA,8,4,22,3,46,46,0,0,0,0,0,0
2014-12-20,"Grand Cape Mount","Grand Cape Mount",2014-12-20,0,0,0,2,0,183,53,44,86,NA,NA,10,4,0,0,301,301,0,0,2,0,0,0
2014-12-20,"Grand Gedeh","Grand Gedeh",2014-12-20,0,0,0,0,0,11,8,0,3,NA,NA,0,0,0,0,0,0,0,0,0,0,0,0
2014-12-20,"Grand Kru","Grand Kru",2014-12-20,0,0,0,0,0,36,14,18,4,NA,NA,0,0,0,0,0,0,0,0,0,0,0,0
2014-12-20,"Lofa","Lofa",2014-12-20,0,0,0,0,0,649,171,146,332,NA,NA,22,16,0,0,0,0,0,0,0,0,0,0
2014-12-20,"Margibi","Margibi",2014-12-20,1,1,0,1,0,1229,398,441,390,NA,NA,71,38,0,0,1125,1125,0,0,1,0,0,0
2014-12-20,"Maryland","Maryland",2014-12-20,0,0,0,0,0,23,17,2,4,NA,NA,1,0,0,0,0,0,0,0,0,0,0,0
2014-12-20,"Montserrado","Montserrado",2014-12-20,4,3,1,0,0,4236,1712,782,1742,NA,NA,180,83,0,8,3842,3797,45,2,0,0,1,0
2014-12-20,"National","National",2014-12-20,7,6,1,3,0,7862,3020,1757,3085,NA,NA,367,177,28,51,5495,5449,63,3,3,0,1,0
2014-12-20,"Nimba","Nimba",2014-12-20,0,0,0,0,0,326,80,130,116,NA,NA,12,2,1,0,82,81,0,1,0,0,0,0
2014-12-20,"River Cess","River Cess",2014-12-20,0,0,0,0,0,43,9,10,24,NA,NA,0,0,0,0,0,0,0,0,0,0,0,0
2014-12-20,"River Gee","River Gee",2014-12-20,0,0,0,0,0,19,7,4,8,NA,NA,3,0,0,0,0,0,0,0,0,0,0,0
2014-12-20,"Sinoe","Sinoe",2014-12-20,0,0,0,0,0,44,21,6,17,NA,NA,1,0,5,0,40,40,0,0,0,0,0,0
2014-12-21,"Bomi","Bomi",2014-12-21,0,0,0,0,0,296,90,67,139,NA,NA,18,14,0,0,13,13,0,0,0,0,0,0
2014-12-21,"Bong","Bong",2014-12-21,0,0,0,0,0,559,376,33,150,NA,NA,41,16,0,0,59,59,0,0,0,0,0,0
2014-12-21,"Gbarpolu","Gbarpolu",2014-12-21,0,0,0,0,0,34,15,3,16,NA,NA,0,0,0,0,0,0,0,0,0,0,0,0
2014-12-21,"Grand Bassa","Grand Bassa",2014-12-21,0,0,0,0,0,174,49,71,54,NA,NA,8,4,22,0,35,35,11,0,0,0,0,0
2014-12-21,"Grand Cape Mount","Grand Cape Mount",2014-12-21,1,1,0,4,0,188,58,44,86,NA,NA,10,4,0,6,173,0,0,0,4,0,0,0
2014-12-21,"Grand Gedeh","Grand Gedeh",2014-12-21,0,0,0,0,0,11,8,0,3,NA,NA,0,0,0,0,0,0,0,0,0,0,0,0
2014-12-21,"Grand Kru","Grand Kru",2014-12-21,0,0,0,0,0,36,14,18,4,NA,NA,0,0,0,0,0,0,0,0,0,0,0,0
2014-12-21,"Lofa","Lofa",2014-12-21,0,0,0,0,0,649,171,146,332,NA,NA,22,16,0,0,0,0,0,0,0,0,0,0
2014-12-21,"Margibi","Margibi",2014-12-21,0,0,0,1,0,1230,399,441,390,NA,NA,71,38,0,0,1125,1125,182,0,1,0,0,0
2014-12-21,"Maryland","Maryland",2014-12-21,0,0,0,0,0,23,17,2,4,NA,NA,1,0,0,0,0,0,0,0,0,0,0,0
2014-12-21,"Montserrado","Montserrado",2014-12-21,3,3,0,0,0,4242,1715,782,1745,NA,NA,180,83,0,7,3830,3797,30,1,0,0,0,3
2014-12-21,"National","National",2014-12-21,4,4,0,5,0,7876,3029,1757,3090,NA,NA,367,177,30,16,5347,5314,223,2,5,0,0,4
2014-12-21,"Nimba","Nimba",2014-12-21,0,0,0,0,0,328,80,130,118,NA,NA,12,2,3,3,85,85,0,1,0,0,0,1
2014-12-21,"River Cess","River Cess",2014-12-21,0,0,0,0,0,43,9,10,24,NA,NA,0,0,0,0,0,0,0,0,0,0,0,0
2014-12-21,"River Gee","River Gee",2014-12-21,0,0,0,0,0,19,7,4,8,NA,NA,3,0,0,0,0,0,0,0,0,0,0,0
2014-12-21,"Sinoe","Sinoe",2014-12-21,0,0,0,0,0,44,21,6,17,NA,NA,1,0,5,0,40,40,0,0,0,0,0,0
2014-12-22,"Bomi","Bomi",2014-12-22,0,0,0,0,0,296,90,67,139,NA,NA,18,14,0,0,13,13,0,0,0,0,0,0
2014-12-22,"Bong","Bong",2014-12-22,0,0,0,0,0,560,376,33,151,NA,NA,41,16,0,0,39,39,20,1,0,0,0,2
2014-12-22,"Gbarpolu","Gbarpolu",2014-12-22,0,0,0,0,0,34,15,3,16,NA,NA,0,0,0,0,0,0,0,0,0,0,0,0
2014-12-22,"Grand Bassa","Grand Bassa",2014-12-22,0,0,0,1,0,175,50,71,54,NA,NA,8,4,22,0,30,30,5,0,1,0,0,0
2014-12-22,"Grand Cape Mount","Grand Cape Mount",2014-12-22,1,1,0,4,0,194,63,44,87,NA,NA,10,4,0,0,173,173,0,1,4,0,3,0
2014-12-22,"Grand Gedeh","Grand Gedeh",2014-12-22,0,0,0,0,0,11,8,0,3,NA,NA,0,0,0,0,0,0,0,0,0,0,0,0
2014-12-22,"Grand Kru","Grand Kru",2014-12-22,0,0,0,0,0,36,14,18,4,NA,NA,0,0,0,0,0,0,0,0,0,0,0,0
2014-12-22,"Lofa","Lofa",2014-12-22,0,0,0,0,0,649,171,146,332,NA,NA,22,16,0,0,0,0,0,0,0,0,0,0
2014-12-22,"Margibi","Margibi",2014-12-22,3,3,0,0,0,1233,402,441,390,NA,NA,71,38,0,27,1152,1152,0,0,0,0,0,0
2014-12-22,"Maryland","Maryland",2014-12-22,0,0,0,0,0,23,17,2,4,NA,NA,1,0,0,0,0,0,0,0,0,0,0,0
2014-12-22,"Montserrado","Montserrado",2014-12-22,21,14,7,5,0,4278,1733,790,1755,NA,NA,181,84,0,101,4052,3665,382,8,4,1,0,0
2014-12-22,"National","National",2014-12-22,25,18,7,11,0,7922,3057,1765,3100,NA,NA,368,178,30,128,5536,5149,442,10,10,1,3,3
2014-12-22,"Nimba","Nimba",2014-12-22,0,0,0,0,0,326,80,130,116,NA,NA,12,2,3,0,50,50,35,0,0,0,0,1
2014-12-22,"River Cess","River Cess",2014-12-22,0,0,0,0,0,43,9,10,24,NA,NA,0,0,0,0,0,0,0,0,0,0,0,0
2014-12-22,"River Gee","River Gee",2014-12-22,0,0,0,0,0,19,7,4,8,NA,NA,3,0,0,0,0,0,0,0,0,0,0,0
2014-12-22,"Sinoe","Sinoe",2014-12-22,0,0,0,1,0,45,22,6,17,NA,NA,1,0,5,0,40,40,0,0,1,0,0,0
2014-12-23,"Bomi","Bomi",2014-12-23,0,0,0,0,0,296,90,67,139,NA,NA,18,14,0,0,13,13,0,0,0,0,0,0
2014-12-23,"Bong","Bong",2014-12-23,0,0,0,0,0,559,376,33,150,NA,NA,41,16,0,0,30,30,9,0,0,0,0,0
2014-12-23,"Gbarpolu","Gbarpolu",2014-12-23,0,0,0,0,0,34,15,3,16,NA,NA,0,0,0,0,0,0,0,0,0,0,0,0
2014-12-23,"Grand Bassa","Grand Bassa",2014-12-23,0,0,0,0,0,175,50,71,54,NA,NA,8,4,22,0,26,26,4,0,0,0,0,0
2014-12-23,"Grand Cape Mount","Grand Cape Mount",2014-12-23,0,0,0,0,0,197,63,44,90,NA,NA,10,4,0,0,173,173,0,3,0,0,0,0
2014-12-23,"Grand Gedeh","Grand Gedeh",2014-12-23,0,0,0,0,0,11,8,0,3,NA,NA,0,0,0,0,0,0,0,0,0,0,0,0
2014-12-23,"Grand Kru","Grand Kru",2014-12-23,0,0,0,0,0,36,14,18,4,NA,NA,0,0,0,0,0,0,0,0,0,0,0,0
2014-12-23,"Lofa","Lofa",2014-12-23,0,0,0,0,0,649,171,146,332,NA,NA,22,16,0,0,0,0,0,0,0,0,0,0
2014-12-23,"Margibi","Margibi",2014-12-23,2,2,0,0,0,1235,404,441,390,NA,NA,71,38,0,27,1152,1152,0,0,0,0,0,0
2014-12-23,"Maryland","Maryland",2014-12-23,0,0,0,0,0,23,17,2,4,NA,NA,1,0,0,0,0,0,0,0,0,0,0,0
2014-12-23,"Montserrado","Montserrado",2014-12-23,2,2,0,4,0,4288,1739,790,1759,NA,NA,182,84,0,26,3753,3619,150,4,4,0,0,0
2014-12-23,"National","National",2014-12-23,5,5,0,5,0,7938,3067,1765,3106,NA,NA,369,178,30,53,5224,5090,163,7,5,0,0,0
2014-12-23,"Nimba","Nimba",2014-12-23,1,1,0,0,0,327,81,130,116,NA,NA,12,2,3,0,50,50,0,0,0,0,0,0
2014-12-23,"River Cess","River Cess",2014-12-23,0,0,0,0,0,43,9,10,24,NA,NA,0,0,0,0,0,0,0,0,0,0,0,0
2014-12-23,"River Gee","River Gee",2014-12-23,0,0,0,0,0,19,7,4,8,NA,NA,3,0,0,0,0,0,0,0,0,0,0,0
2014-12-23,"Sinoe","Sinoe",2014-12-23,0,0,0,1,0,46,23,6,17,NA,NA,1,0,5,0,40,40,0,0,1,0,0,0
2014-12-24,"Bomi","Bomi",2014-12-24,0,0,0,0,0,296,90,67,139,NA,NA,18,14,0,0,112,112,0,0,0,0,0,0
2014-12-24,"Bong","Bong",2014-12-24,1,1,0,0,0,560,377,33,150,NA,NA,41,16,0,0,30,30,0,0,0,0,0,0
2014-12-24,"Gbarpolu","Gbarpolu",2014-12-24,0,0,0,0,0,34,15,3,16,NA,NA,0,0,0,0,0,0,0,0,0,0,0,0
2014-12-24,"Grand Bassa","Grand Bassa",2014-12-24,0,0,0,2,0,177,52,71,54,NA,NA,8,4,22,0,26,26,0,0,2,0,0,0
2014-12-24,"Grand Cape Mount","Grand Cape Mount",2014-12-24,2,1,1,0,0,195,64,45,86,NA,NA,10,4,0,3,169,169,0,0,0,0,0,0
2014-12-24,"Grand Gedeh","Grand Gedeh",2014-12-24,0,0,0,0,0,11,8,0,3,NA,NA,0,0,0,0,0,0,0,0,0,0,0,0
2014-12-24,"Grand Kru","Grand Kru",2014-12-24,0,0,0,0,0,36,14,18,4,NA,NA,0,0,0,0,0,0,0,0,0,0,0,0
2014-12-24,"Lofa","Lofa",2014-12-24,0,0,0,0,0,649,171,146,332,NA,NA,22,16,0,0,0,0,0,0,0,0,0,0
2014-12-24,"Margibi","Margibi",2014-12-24,0,0,0,1,0,1236,405,441,390,NA,NA,71,38,0,0,1152,1152,0,0,1,0,0,0
2014-12-24,"Maryland","Maryland",2014-12-24,0,0,0,0,0,23,17,2,4,NA,NA,1,0,0,0,0,0,0,0,0,0,0,0
2014-12-24,"Montserrado","Montserrado",2014-12-24,21,15,6,6,0,4321,1760,796,1765,NA,NA,182,84,0,132,3764,3521,142,6,6,0,0,2
2014-12-24,"National","National",2014-12-24,27,19,8,9,0,7977,3096,1773,3108,NA,NA,369,178,30,142,5349,5099,142,6,9,0,0,3
2014-12-24,"Nimba","Nimba",2014-12-24,2,1,1,1,0,330,83,131,116,NA,NA,12,2,3,0,49,49,0,0,1,0,0,1
2014-12-24,"River Cess","River Cess",2014-12-24,0,0,0,0,0,43,9,10,24,NA,NA,0,0,0,0,0,0,0,0,0,0,0,0
2014-12-24,"River Gee","River Gee",2014-12-24,0,0,0,0,0,19,7,4,8,NA,NA,3,0,0,0,0,0,0,0,0,0,0,0
2014-12-24,"Sinoe","Sinoe",2014-12-24,1,1,0,0,0,47,24,6,17,NA,NA,1,0,5,7,47,40,0,0,0,0,0,0
2014-12-25,"Bomi","Bomi",2014-12-25,0,0,0,0,0,296,90,67,139,NA,NA,18,14,0,0,112,112,0,0,0,0,0,0
2014-12-25,"Bong","Bong",2014-12-25,0,0,0,0,0,560,377,33,150,NA,NA,41,16,0,0,30,30,0,0,0,0,0,0
2014-12-25,"Gbarpolu","Gbarpolu",2014-12-25,0,0,0,0,0,34,15,3,16,NA,NA,0,0,0,0,0,0,0,0,0,0,0,0
2014-12-25,"Grand Bassa","Grand Bassa",2014-12-25,0,0,0,0,177,52,71,54,79,NA,NA,8,4,22,0,26,26,0,0,0,0,0,0
2014-12-25,"Grand Cape Mount","Grand Cape Mount",2014-12-25,1,1,0,2,2,201,67,45,89,NA,NA,10,4,2,27,196,190,6,3,2,0,0,0
2014-12-25,"Grand Gedeh","Grand Gedeh",2014-12-25,0,0,0,0,0,11,8,0,3,NA,NA,0,0,0,0,0,0,0,0,0,0,0,0
2014-12-25,"Grand Kru","Grand Kru",2014-12-25,0,0,0,0,0,36,14,18,4,NA,NA,0,0,0,0,0,0,0,0,0,0,0,0
2014-12-25,"Lofa","Lofa",2014-12-25,0,0,0,0,0,649,171,146,332,NA,NA,22,16,0,0,0,0,0,0,0,0,0,0
2014-12-25,"Margibi","Margibi",2014-12-25,0,0,0,0,0,1236,405,441,390,NA,NA,71,38,0,0,1152,1152,0,0,0,0,0,0
2014-12-25,"Maryland","Maryland",2014-12-25,0,0,0,0,0,23,17,2,4,NA,NA,1,0,0,0,0,0,0,0,0,0,0,0
2014-12-25,"Montserrado","Montserrado",2014-12-25,4,4,0,0,0,4325,1764,796,1765,NA,NA,182,84,0,12,3199,3199,10,0,0,0,0,0
2014-12-25,"National","National",2014-12-25,5,5,0,2,2,7987,3103,1773,3111,NA,NA,369,178,32,39,4692,4686,16,3,2,0,0,1
2014-12-25,"Nimba","Nimba",2014-12-25,0,0,0,0,0,330,83,131,116,NA,NA,12,2,3,0,49,49,0,0,0,0,0,1
2014-12-25,"River Cess","River Cess",2014-12-25,0,0,0,0,0,43,9,10,24,NA,NA,0,0,0,0,0,0,0,0,0,0,0,0
2014-12-25,"River Gee","River Gee",2014-12-25,0,0,0,0,0,19,7,4,8,NA,NA,3,0,0,0,0,0,0,0,0,0,0,0
2014-12-25,"Sinoe","Sinoe",2014-12-25,0,0,0,0,0,47,24,6,17,NA,NA,1,0,5,0,40,40,0,0,0,0,0,0
2014-12-26,"Bomi","Bomi",2014-12-26,0,0,0,0,0,296,90,67,139,NA,NA,18,14,0,0,112,112,0,0,0,0,0,0
2014-12-26,"Bong","Bong",2014-12-26,2,2,0,0,0,562,379,33,150,NA,NA,41,16,0,0,29,29,10,0,0,0,0,0
2014-12-26,"Gbarpolu","Gbarpolu",2014-12-26,0,0,0,0,0,34,15,3,16,NA,NA,0,0,0,0,0,0,0,0,0,0,0,0
2014-12-26,"Grand Bassa","Grand Bassa",2014-12-26,0,0,0,0,0,177,52,71,54,NA,NA,8,4,22,0,26,26,0,0,0,0,0,0
2014-12-26,"Grand Cape Mount","Grand Cape Mount",2014-12-26,0,0,0,1,0,199,68,45,86,NA,NA,10,4,2,32,222,214,8,0,1,0,0,0
2014-12-26,"Grand Gedeh","Grand Gedeh",2014-12-26,0,0,0,0,0,11,8,0,3,NA,NA,0,0,0,0,0,0,0,0,0,0,0,0
2014-12-26,"Grand Kru","Grand Kru",2014-12-26,0,0,0,0,0,36,14,18,4,NA,NA,0,0,0,0,0,0,0,0,0,0,0,0
2014-12-26,"Lofa","Lofa",2014-12-26,0,0,0,0,0,649,171,146,332,NA,NA,22,16,0,0,0,0,0,0,0,0,0,0
2014-12-26,"Margibi","Margibi",2014-12-26,7,7,0,1,0,1244,413,441,390,NA,NA,71,38,0,27,1179,1179,0,0,1,0,0,0
2014-12-26,"Maryland","Maryland",2014-12-26,0,0,0,0,0,23,17,2,4,NA,NA,1,0,0,0,0,0,0,0,0,0,0,0
2014-12-26,"Montserrado","Montserrado",2014-12-26,3,2,1,1,0,4329,1767,797,1765,NA,NA,182,84,0,22,3095,3095,264,0,1,0,0,3
2014-12-26,"National","National",2014-12-26,14,12,2,4,1,8002,3119,1775,3108,NA,NA,369,178,32,110,5249,4641,282,0,4,0,0,0
2014-12-26,"Nimba","Nimba",2014-12-26,0,0,0,0,0,330,83,131,116,NA,NA,12,2,3,0,49,49,0,0,0,0,0,0
2014-12-26,"River Cess","River Cess",2014-12-26,0,0,0,0,0,43,9,10,24,NA,NA,0,0,0,0,0,0,0,0,0,0,0,0
2014-12-26,"River Gee","River Gee",2014-12-26,0,0,0,0,0,19,7,4,8,NA,NA,3,0,0,0,0,0,0,0,0,0,0,0
2014-12-26,"Sinoe","Sinoe",2014-12-26,2,1,1,1,1,50,26,7,17,NA,NA,1,0,5,29,49,49,0,0,1,0,0,0
2014-12-29,"Bomi","Bomi",2014-12-29,0,0,0,0,0,296,90,67,139,NA,NA,18,14,0,0,21,21,0,0,0,0,0,0
2014-12-29,"Bong","Bong",2014-12-29,2,0,2,0,0,563,379,35,150,NA,NA,41,16,0,0,9,9,0,0,0,0,0,0
2014-12-29,"Gbarpolu","Gbarpolu",2014-12-29,0,0,0,0,0,34,15,3,16,NA,NA,0,0,0,0,0,0,0,0,0,0,0,0
2014-12-29,"Grand Bassa","Grand Bassa",2014-12-29,2,0,2,0,0,179,52,73,54,NA,NA,8,4,22,0,21,21,0,0,0,0,0,0
2014-12-29,"Grand Cape Mount","Grand Cape Mount",2014-12-29,0,0,0,2,0,203,72,45,86,NA,NA,10,4,2,21,221,192,29,0,2,0,0,0
2014-12-29,"Grand Gedeh","Grand Gedeh",2014-12-29,0,0,0,0,0,11,8,0,3,NA,NA,0,0,0,0,0,0,0,0,0,0,0,0
2014-12-29,"Grand Kru","Grand Kru",2014-12-29,0,0,0,0,0,36,14,18,4,NA,NA,0,0,0,0,0,0,0,0,0,0,0,0
2014-12-29,"Lofa","Lofa",2014-12-29,0,0,0,0,0,649,171,146,332,NA,NA,22,16,0,0,0,0,0,0,0,0,0,0
2014-12-29,"Margibi","Margibi",2014-12-29,2,2,0,1,0,1250,419,441,390,NA,NA,71,38,0,55,1244,1244,0,0,1,0,0,1
2014-12-29,"Maryland","Maryland",2014-12-29,0,0,0,0,0,23,17,2,4,NA,NA,1,0,0,0,0,0,0,0,0,0,0,0
2014-12-29,"Montserrado","Montserrado",2014-12-29,3,2,1,18,0,4356,1787,804,1768,NA,NA,183,84,166,99,2837,2695,103,1,13,5,1,1
2014-12-29,"National","National",2014-12-29,9,4,5,22,0,8044,3150,1786,3112,NA,NA,370,178,194,177,4444,4273,132,1,17,5,1,2
2014-12-29,"Nimba","Nimba",2014-12-29,0,0,0,0,0,330,83,131,116,NA,NA,12,2,3,0,49,49,0,0,0,0,0,0
2014-12-29,"River Cess","River Cess",2014-12-29,0,0,0,0,0,43,9,10,24,NA,NA,0,0,0,0,0,0,0,0,0,0,0,0
2014-12-29,"River Gee","River Gee",2014-12-29,0,0,0,0,0,19,7,4,8,NA,NA,3,0,0,0,0,0,0,0,0,0,0,0
2014-12-29,"Sinoe","Sinoe",2014-12-29,0,0,0,1,0,52,27,7,18,NA,NA,1,0,5,2,42,42,0,0,1,0,0,0
